"id_employe","nom","prenom","poste","departement_id","nom_departement","date_embauche","date_depart","statut_au_2026_08_01","salaire","anciennete_annees","cohorte_embauche","score_moyen_total","score_moyen_3_derniers_trimestres","categorie_performance","derniere_evaluation"
"1","Nom_1","Prenom_1","Analyste","9","Juridique","2020-04-11","","Активен","3500","6,31","2020","65,92","68,33","Средняя","2024-10-01"
"2","Nom_2","Prenom_2","Finance","9","Juridique","2022-05-23","","Активен","4429","4,19","2022","77","59,33","Низкая","2024-10-01"
"3","Nom_3","Prenom_3","Manager","1","Ressources Humaines","2019-11-27","","Активен","2447","6,68","2019","68,33","61,67","Средняя","2024-10-01"
"4","Nom_4","Prenom_4","Manager","2","Finance","2023-01-22","","Активен","4118","3,52","2023","71,08","74","Средняя","2024-10-01"
"5","Nom_5","Prenom_5","Manager","5","Marketing","2019-03-29","","Активен","4487","7,34","2019","73,33","62","Средняя","2024-10-01"
"7","Nom_7","Prenom_7","Analyste","10","Direction Générale","2022-01-28","","Активен","1284","4,51","2022","79,33","73","Средняя","2024-10-01"
"8","Nom_8","Prenom_8","Finance","9","Juridique","2021-05-21","","Активен","1445","5,2","2021","70,25","54,67","Низкая","2024-10-01"
"9","Nom_9","Prenom_9","Finance","7","Service Client","2023-08-15","","Активен","3889","2,96","2023","74","66,33","Средняя","2024-10-01"
"10","Nom_10","Prenom_10","Manager","6","Ventes","2019-05-11","","Активен","1520","7,23","2019","68,5","55,33","Низкая","2024-10-01"
"11","Nom_11","Prenom_11","Developpeur","7","Service Client","2023-08-13","","Активен","1298","2,97","2023","72,58","70,67","Средняя","2024-10-01"
"13","Nom_13","Prenom_13","Manager","1","Ressources Humaines","2021-02-08","","Активен","3867","5,48","2021","82,5","82","Высокая","2024-10-01"
"14","Nom_14","Prenom_14","Developpeur","8","Opérations","2019-12-10","","Активен","914","6,64","2019","72,08","75,67","Средняя","2024-10-01"
"15","Nom_15","Prenom_15","Developpeur","2","Finance","2023-02-24","","Активен","3779","3,43","2023","73,83","76,67","Средняя","2024-10-01"
"16","Nom_16","Prenom_16","RH","10","Direction Générale","2022-12-08","","Активен","2536","3,65","2022","74","74","Средняя","2024-10-01"
"17","Nom_17","Prenom_17","Analyste","9","Juridique","2021-03-16","","Активен","4411","5,38","2021","81,25","77","Средняя","2024-10-01"
"18","Nom_18","Prenom_18","Developpeur","7","Service Client","2020-01-21","","Активен","3053","6,53","2020","72,58","82,33","Высокая","2024-10-01"
"19","Nom_19","Prenom_19","Manager","6","Ventes","2022-04-30","","Активен","3094","4,25","2022","78,67","80,67","Высокая","2024-10-01"
"20","Nom_20","Prenom_20","RH","1","Ressources Humaines","2021-08-13","","Активен","4430","4,97","2021","80,17","67,67","Средняя","2024-10-01"
"21","Nom_21","Prenom_21","Analyste","1","Ressources Humaines","2019-10-04","","Активен","946","6,83","2019","72,08","67,33","Средняя","2024-10-01"
"22","Nom_22","Prenom_22","Finance","2","Finance","2022-03-30","","Активен","4782","4,34","2022","76,17","76,67","Средняя","2024-10-01"
"24","Nom_24","Prenom_24","Developpeur","6","Ventes","2022-08-30","","Активен","3210","3,92","2022","77,67","72,67","Средняя","2024-10-01"
"25","Nom_25","Prenom_25","Developpeur","2","Finance","2019-01-22","","Активен","936","7,52","2019","80,92","80","Высокая","2024-10-01"
"26","Nom_26","Prenom_26","Manager","1","Ressources Humaines","2019-09-10","","Активен","4160","6,89","2019","71","72,67","Средняя","2024-10-01"
"27","Nom_27","Prenom_27","Developpeur","10","Direction Générale","2021-01-17","","Активен","3805","5,54","2021","72,92","62,33","Средняя","2024-10-01"
"28","Nom_28","Prenom_28","RH","5","Marketing","2021-05-06","","Активен","4352","5,24","2021","72,33","66,67","Средняя","2024-10-01"
"29","Nom_29","Prenom_29","Analyste","5","Marketing","2023-05-04","","Активен","818","3,24","2023","67,92","82,67","Высокая","2024-10-01"
"30","Nom_30","Prenom_30","RH","2","Finance","2020-04-19","","Активен","3042","6,28","2020","68,42","69,67","Средняя","2024-10-01"
"31","Nom_31","Prenom_31","Developpeur","6","Ventes","2021-12-18","","Активен","1248","4,62","2021","63,25","64","Средняя","2024-10-01"
"32","Nom_32","Prenom_32","Finance","9","Juridique","2020-05-25","","Активен","2748","6,18","2020","73","70,33","Средняя","2024-10-01"
"33","Nom_33","Prenom_33","Analyste","2","Finance","2023-09-02","2028-08-03","Активен","1745","2,91","2023","75,33","76,33","Средняя","2024-10-01"
"34","Nom_34","Prenom_34","Analyste","10","Direction Générale","2023-02-08","2028-03-12","Активен","2720","3,48","2023","69,17","81,67","Высокая","2024-10-01"
"35","Nom_35","Prenom_35","Manager","2","Finance","2020-11-30","","Активен","3777","5,67","2020","73,75","79","Средняя","2024-10-01"
"37","Nom_37","Prenom_37","Finance","7","Service Client","2023-12-12","","Активен","4815","2,64","2023","77,5","81","Высокая","2024-10-01"
"38","Nom_38","Prenom_38","Analyste","6","Ventes","2019-07-09","","Активен","1038","7,06","2019","74,33","71","Средняя","2024-10-01"
"39","Nom_39","Prenom_39","Finance","8","Opérations","2021-08-15","","Активен","1004","4,96","2021","63,83","71,33","Средняя","2024-10-01"
"40","Nom_40","Prenom_40","Manager","8","Opérations","2020-11-17","","Активен","3407","5,7","2020","67,92","73,67","Средняя","2024-10-01"
"41","Nom_41","Prenom_41","Manager","6","Ventes","2021-08-15","","Активен","4188","4,96","2021","79,5","70,33","Средняя","2024-10-01"
"42","Nom_42","Prenom_42","Analyste","10","Direction Générale","2020-07-16","","Активен","3772","6,04","2020","77,08","72","Средняя","2024-10-01"
"43","Nom_43","Prenom_43","RH","3","Informatique","2023-05-10","","Активен","3487","3,23","2023","73,33","76,33","Средняя","2024-10-01"
"44","Nom_44","Prenom_44","Developpeur","3","Informatique","2022-06-21","","Активен","4966","4,11","2022","71,58","65","Средняя","2024-10-01"
"45","Nom_45","Prenom_45","Manager","1","Ressources Humaines","2021-04-11","","Активен","2148","5,31","2021","71,5","69,33","Средняя","2024-10-01"
"46","Nom_46","Prenom_46","Manager","7","Service Client","2023-03-09","","Активен","1616","3,4","2023","77,17","79,67","Средняя","2024-10-01"
"47","Nom_47","Prenom_47","RH","5","Marketing","2022-02-28","","Активен","1620","4,42","2022","74,17","67,67","Средняя","2024-10-01"
"48","Nom_48","Prenom_48","RH","4","Data & Analytics","2023-02-17","","Активен","992","3,45","2023","74,83","74,67","Средняя","2024-10-01"
"49","Nom_49","Prenom_49","Finance","10","Direction Générale","2020-10-08","","Активен","2576","5,81","2020","73,5","77,33","Средняя","2024-10-01"
"51","Nom_51","Prenom_51","Developpeur","4","Data & Analytics","2021-04-20","","Активен","1050","5,28","2021","68,58","61,67","Средняя","2024-10-01"
"52","Nom_52","Prenom_52","Developpeur","6","Ventes","2019-06-16","","Активен","2588","7,13","2019","70,33","71,67","Средняя","2024-10-01"
"53","Nom_53","Prenom_53","Analyste","8","Opérations","2022-07-21","","Активен","4500","4,03","2022","76,75","68","Средняя","2024-10-01"
"55","Nom_55","Prenom_55","Manager","5","Marketing","2020-08-23","","Активен","1967","5,94","2020","70,67","74","Средняя","2024-10-01"
"56","Nom_56","Prenom_56","Finance","6","Ventes","2019-11-12","","Активен","4693","6,72","2019","75,42","68,67","Средняя","2024-10-01"
"57","Nom_57","Prenom_57","Manager","4","Data & Analytics","2019-01-14","","Активен","1896","7,55","2019","74,58","69,67","Средняя","2024-10-01"
"58","Nom_58","Prenom_58","RH","9","Juridique","2019-08-30","","Активен","3479","6,92","2019","71,33","64,33","Средняя","2024-10-01"
"59","Nom_59","Prenom_59","Finance","8","Opérations","2021-02-15","","Активен","2647","5,46","2021","73,75","66","Средняя","2024-10-01"
"60","Nom_60","Prenom_60","RH","10","Direction Générale","2022-10-01","2027-02-11","Активен","4704","3,83","2022","71,5","74,67","Средняя","2024-10-01"
"61","Nom_61","Prenom_61","Developpeur","10","Direction Générale","2020-07-18","","Активен","1304","6,04","2020","73,08","76","Средняя","2024-10-01"
"62","Nom_62","Prenom_62","Developpeur","1","Ressources Humaines","2021-06-16","","Активен","2421","5,13","2021","77,5","80,67","Высокая","2024-10-01"
"63","Nom_63","Prenom_63","Analyste","2","Finance","2022-09-25","","Активен","3272","3,85","2022","73,5","70,33","Средняя","2024-10-01"
"64","Nom_64","Prenom_64","Finance","9","Juridique","2019-04-02","","Активен","3346","7,33","2019","78,08","82,67","Высокая","2024-10-01"
"65","Nom_65","Prenom_65","RH","8","Opérations","2022-10-22","","Активен","2187","3,78","2022","74,25","72,33","Средняя","2024-10-01"
"66","Nom_66","Prenom_66","Manager","3","Informatique","2021-08-13","","Активен","3794","4,97","2021","79","87,33","Высокая","2024-10-01"
"67","Nom_67","Prenom_67","Developpeur","8","Opérations","2023-01-18","","Активен","4616","3,53","2023","77,25","64,33","Средняя","2024-10-01"
"68","Nom_68","Prenom_68","Developpeur","1","Ressources Humaines","2022-12-22","","Активен","1517","3,61","2022","70,42","65","Средняя","2024-10-01"
"69","Nom_69","Prenom_69","Manager","10","Direction Générale","2020-05-23","","Активен","4284","6,19","2020","72,83","55,67","Низкая","2024-10-01"
"70","Nom_70","Prenom_70","RH","4","Data & Analytics","2021-02-14","","Активен","1458","5,46","2021","72,25","72,33","Средняя","2024-10-01"
"71","Nom_71","Prenom_71","RH","3","Informatique","2019-02-04","","Активен","4808","7,49","2019","71,58","81,67","Высокая","2024-10-01"
"72","Nom_72","Prenom_72","Finance","6","Ventes","2019-07-25","","Активен","4564","7,02","2019","73,83","79","Средняя","2024-10-01"
"73","Nom_73","Prenom_73","Finance","7","Service Client","2022-01-09","","Активен","3789","4,56","2022","79,58","84,67","Высокая","2024-10-01"
"74","Nom_74","Prenom_74","Analyste","4","Data & Analytics","2023-05-05","","Активен","2904","3,24","2023","79,83","85,67","Высокая","2024-10-01"
"75","Nom_75","Prenom_75","Developpeur","7","Service Client","2022-11-12","","Активен","2055","3,72","2022","76,75","75,67","Средняя","2024-10-01"
"76","Nom_76","Prenom_76","Finance","9","Juridique","2021-10-22","","Активен","3282","4,77","2021","68,33","63,33","Средняя","2024-10-01"
"77","Nom_77","Prenom_77","RH","2","Finance","2021-10-18","","Активен","1183","4,79","2021","70,25","72","Средняя","2024-10-01"
"78","Nom_78","Prenom_78","Manager","3","Informatique","2022-11-14","","Активен","3407","3,71","2022","73,58","71,33","Средняя","2024-10-01"
"79","Nom_79","Prenom_79","RH","5","Marketing","2020-07-19","","Активен","993","6,03","2020","75,08","73,33","Средняя","2024-10-01"
"80","Nom_80","Prenom_80","Developpeur","3","Informatique","2022-02-03","","Активен","4607","4,49","2022","73,5","58,67","Низкая","2024-10-01"
"81","Nom_81","Prenom_81","RH","8","Opérations","2023-12-01","","Активен","4519","2,67","2023","73","70","Средняя","2024-10-01"
"82","Nom_82","Prenom_82","Analyste","10","Direction Générale","2023-02-09","","Активен","3381","3,47","2023","71,83","79,33","Средняя","2024-10-01"
"83","Nom_83","Prenom_83","Developpeur","8","Opérations","2020-12-03","","Активен","3365","5,66","2020","71,25","85","Высокая","2024-10-01"
"84","Nom_84","Prenom_84","Manager","8","Opérations","2020-02-06","","Активен","3563","6,48","2020","72","74","Средняя","2024-10-01"
"85","Nom_85","Prenom_85","Analyste","9","Juridique","2020-12-30","","Активен","3598","5,59","2020","76,17","84,33","Высокая","2024-10-01"
"86","Nom_86","Prenom_86","Developpeur","4","Data & Analytics","2023-04-29","","Активен","3139","3,26","2023","67,75","70,67","Средняя","2024-10-01"
"87","Nom_87","Prenom_87","Manager","5","Marketing","2019-06-11","","Активен","4206","7,14","2019","75,67","81","Высокая","2024-10-01"
"88","Nom_88","Prenom_88","Analyste","5","Marketing","2019-07-21","","Активен","1531","7,03","2019","69,83","71,33","Средняя","2024-10-01"
"89","Nom_89","Prenom_89","Analyste","8","Opérations","2021-09-22","","Активен","3672","4,86","2021","72,92","70","Средняя","2024-10-01"
"90","Nom_90","Prenom_90","Developpeur","7","Service Client","2019-09-27","","Активен","3920","6,84","2019","77,75","73,33","Средняя","2024-10-01"
"91","Nom_91","Prenom_91","Finance","9","Juridique","2021-03-26","","Активен","4977","5,35","2021","70,58","58,67","Низкая","2024-10-01"
"92","Nom_92","Prenom_92","Analyste","8","Opérations","2022-07-18","","Активен","3404","4,04","2022","75,67","76","Средняя","2024-10-01"
"93","Nom_93","Prenom_93","Analyste","2","Finance","2020-03-31","","Активен","3182","6,34","2020","78,25","74,33","Средняя","2024-10-01"
"95","Nom_95","Prenom_95","RH","4","Data & Analytics","2023-10-17","","Активен","1434","2,79","2023","67,25","57","Низкая","2024-10-01"
"96","Nom_96","Prenom_96","Developpeur","6","Ventes","2022-06-29","","Активен","2569","4,09","2022","78,33","83,67","Высокая","2024-10-01"
"97","Nom_97","Prenom_97","Developpeur","2","Finance","2021-10-13","","Активен","4604","4,8","2021","81,75","82,33","Высокая","2024-10-01"
"98","Nom_98","Prenom_98","Finance","7","Service Client","2023-09-22","","Активен","3170","2,86","2023","76","82,33","Высокая","2024-10-01"
"99","Nom_99","Prenom_99","Finance","3","Informatique","2019-10-23","","Активен","802","6,77","2019","71,67","86,33","Высокая","2024-10-01"
"100","Nom_100","Prenom_100","Developpeur","3","Informatique","2023-10-15","2029-02-27","Активен","1005","2,8","2023","66,58","59","Низкая","2024-10-01"
"101","Nom_101","Prenom_101","Finance","2","Finance","2020-12-20","","Активен","4935","5,61","2020","66,83","73,67","Средняя","2024-10-01"
"102","Nom_102","Prenom_102","Manager","8","Opérations","2023-11-08","","Активен","3421","2,73","2023","73,75","77,67","Средняя","2024-10-01"
"103","Nom_103","Prenom_103","Developpeur","6","Ventes","2019-12-04","","Активен","3690","6,66","2019","70,83","74,33","Средняя","2024-10-01"
"105","Nom_105","Prenom_105","Developpeur","1","Ressources Humaines","2021-12-12","","Активен","3466","4,64","2021","79,17","72","Средняя","2024-10-01"
"106","Nom_106","Prenom_106","RH","7","Service Client","2021-03-02","","Активен","4106","5,42","2021","72,5","80,67","Высокая","2024-10-01"
"107","Nom_107","Prenom_107","Analyste","8","Opérations","2019-08-05","","Активен","1697","6,99","2019","75,58","72,33","Средняя","2024-10-01"
"108","Nom_108","Prenom_108","Developpeur","5","Marketing","2021-02-02","","Активен","1885","5,49","2021","71,92","69,33","Средняя","2024-10-01"
"109","Nom_109","Prenom_109","Analyste","5","Marketing","2019-07-07","","Активен","2079","7,07","2019","76,08","68,67","Средняя","2024-10-01"
"110","Nom_110","Prenom_110","Finance","4","Data & Analytics","2020-01-15","","Активен","1470","6,54","2020","78,83","62,33","Средняя","2024-10-01"
"111","Nom_111","Prenom_111","Analyste","6","Ventes","2020-05-07","","Активен","2305","6,23","2020","72,75","64,67","Средняя","2024-10-01"
"112","Nom_112","Prenom_112","Developpeur","6","Ventes","2021-11-30","","Активен","4375","4,67","2021","66,83","59,33","Низкая","2024-10-01"
"113","Nom_113","Prenom_113","RH","3","Informatique","2022-03-26","","Активен","2755","4,35","2022","74","75,33","Средняя","2024-10-01"
"114","Nom_114","Prenom_114","Finance","9","Juridique","2019-01-15","","Активен","1049","7,54","2019","68,42","76,33","Средняя","2024-10-01"
"116","Nom_116","Prenom_116","Finance","1","Ressources Humaines","2020-06-04","","Активен","4239","6,16","2020","73,83","70,33","Средняя","2024-10-01"
"117","Nom_117","Prenom_117","Manager","7","Service Client","2022-09-29","","Активен","2653","3,84","2022","75,92","83","Высокая","2024-10-01"
"118","Nom_118","Prenom_118","Analyste","5","Marketing","2022-02-26","","Активен","3654","4,43","2022","66,5","80,33","Высокая","2024-10-01"
"119","Nom_119","Prenom_119","Manager","5","Marketing","2020-10-09","","Активен","2303","5,81","2020","76,08","83,67","Высокая","2024-10-01"
"120","Nom_120","Prenom_120","Developpeur","2","Finance","2023-02-04","","Активен","4185","3,49","2023","74","70,67","Средняя","2024-10-01"
"122","Nom_122","Prenom_122","Finance","6","Ventes","2022-03-08","","Активен","4592","4,4","2022","74,5","74","Средняя","2024-10-01"
"123","Nom_123","Prenom_123","Analyste","10","Direction Générale","2023-03-03","","Активен","4226","3,41","2023","80,67","88,33","Высокая","2024-10-01"
"125","Nom_125","Prenom_125","Developpeur","5","Marketing","2020-01-27","","Активен","4412","6,51","2020","73,92","66,67","Средняя","2024-10-01"
"126","Nom_126","Prenom_126","Finance","9","Juridique","2023-08-26","","Активен","3418","2,93","2023","79,5","81,67","Высокая","2024-10-01"
"127","Nom_127","Prenom_127","Analyste","3","Informatique","2020-02-23","","Активен","3963","6,44","2020","76,5","69","Средняя","2024-10-01"
"128","Nom_128","Prenom_128","Developpeur","1","Ressources Humaines","2019-10-16","","Активен","2088","6,79","2019","76","68,33","Средняя","2024-10-01"
"129","Nom_129","Prenom_129","Finance","4","Data & Analytics","2020-01-14","","Активен","3742","6,55","2020","80,75","87,33","Высокая","2024-10-01"
"130","Nom_130","Prenom_130","RH","9","Juridique","2023-12-02","","Активен","1019","2,66","2023","76,67","71,67","Средняя","2024-10-01"
"131","Nom_131","Prenom_131","Developpeur","4","Data & Analytics","2023-02-22","","Активен","2725","3,44","2023","74,42","78,33","Средняя","2024-10-01"
"132","Nom_132","Prenom_132","Developpeur","2","Finance","2019-08-19","","Активен","3772","6,95","2019","75,08","80","Высокая","2024-10-01"
"133","Nom_133","Prenom_133","RH","10","Direction Générale","2021-10-14","","Активен","4313","4,8","2021","77,83","89","Высокая","2024-10-01"
"134","Nom_134","Prenom_134","Manager","5","Marketing","2019-02-10","","Активен","3248","7,47","2019","73,42","68","Средняя","2024-10-01"
"135","Nom_135","Prenom_135","Analyste","3","Informatique","2021-11-17","","Активен","4271","4,7","2021","79,17","89,67","Высокая","2024-10-01"
"138","Nom_138","Prenom_138","RH","6","Ventes","2021-02-18","","Активен","3746","5,45","2021","76,67","61,33","Средняя","2024-10-01"
"139","Nom_139","Prenom_139","Manager","2","Finance","2021-07-18","","Активен","2612","5,04","2021","73,58","79,67","Средняя","2024-10-01"
"140","Nom_140","Prenom_140","Developpeur","6","Ventes","2021-11-22","","Активен","1603","4,69","2021","71,25","72","Средняя","2024-10-01"
"141","Nom_141","Prenom_141","Finance","3","Informatique","2021-12-07","","Активен","1289","4,65","2021","63,92","67,33","Средняя","2024-10-01"
"143","Nom_143","Prenom_143","Manager","2","Finance","2020-02-11","","Активен","2293","6,47","2020","74,5","86,33","Высокая","2024-10-01"
"144","Nom_144","Prenom_144","Manager","9","Juridique","2023-05-17","","Активен","4445","3,21","2023","65,67","67,67","Средняя","2024-10-01"
"145","Nom_145","Prenom_145","RH","5","Marketing","2023-10-18","","Активен","3691","2,79","2023","76,92","68,33","Средняя","2024-10-01"
"146","Nom_146","Prenom_146","Analyste","8","Opérations","2021-03-15","","Активен","2505","5,38","2021","77,17","81","Высокая","2024-10-01"
"147","Nom_147","Prenom_147","Manager","2","Finance","2019-04-09","","Активен","4316","7,31","2019","71,08","82,67","Высокая","2024-10-01"
"148","Nom_148","Prenom_148","Manager","6","Ventes","2020-11-14","","Активен","4140","5,71","2020","79,75","80","Высокая","2024-10-01"
"150","Nom_150","Prenom_150","Finance","10","Direction Générale","2023-04-20","","Активен","3375","3,28","2023","71,83","69","Средняя","2024-10-01"
"151","Nom_151","Prenom_151","Analyste","5","Marketing","2021-08-18","","Активен","4391","4,95","2021","71,42","73","Средняя","2024-10-01"
"152","Nom_152","Prenom_152","Developpeur","8","Opérations","2023-10-29","","Активен","1415","2,76","2023","78,67","82,33","Высокая","2024-10-01"
"153","Nom_153","Prenom_153","RH","10","Direction Générale","2020-09-04","","Активен","1754","5,91","2020","66,58","58","Низкая","2024-10-01"
"154","Nom_154","Prenom_154","RH","1","Ressources Humaines","2023-01-25","","Активен","3233","3,52","2023","72,17","76","Средняя","2024-10-01"
"155","Nom_155","Prenom_155","Manager","5","Marketing","2020-10-04","","Активен","2429","5,82","2020","74,17","68,67","Средняя","2024-10-01"
"156","Nom_156","Prenom_156","Manager","3","Informatique","2023-11-28","","Активен","3581","2,67","2023","71,92","78","Средняя","2024-10-01"
"157","Nom_157","Prenom_157","RH","4","Data & Analytics","2021-10-25","","Активен","1449","4,77","2021","75,67","81,33","Высокая","2024-10-01"
"158","Nom_158","Prenom_158","Manager","2","Finance","2022-05-26","","Активен","3147","4,18","2022","69,58","63","Средняя","2024-10-01"
"159","Nom_159","Prenom_159","Analyste","9","Juridique","2020-05-17","","Активен","4078","6,21","2020","74,58","79","Средняя","2024-10-01"
"161","Nom_161","Prenom_161","Finance","2","Finance","2020-02-02","","Активен","4601","6,49","2020","75,5","69,67","Средняя","2024-10-01"
"162","Nom_162","Prenom_162","Manager","10","Direction Générale","2021-05-20","","Активен","3361","5,2","2021","72","67,67","Средняя","2024-10-01"
"163","Nom_163","Prenom_163","Developpeur","9","Juridique","2021-03-05","","Активен","4049","5,41","2021","73","84,67","Высокая","2024-10-01"
"164","Nom_164","Prenom_164","Analyste","7","Service Client","2020-01-28","","Активен","1170","6,51","2020","77,58","77,33","Средняя","2024-10-01"
"165","Nom_165","Prenom_165","Developpeur","6","Ventes","2019-07-26","","Активен","1657","7,02","2019","81,33","79,67","Средняя","2024-10-01"
"166","Nom_166","Prenom_166","Developpeur","1","Ressources Humaines","2021-11-04","","Активен","1183","4,74","2021","74,92","69,33","Средняя","2024-10-01"
"167","Nom_167","Prenom_167","Finance","5","Marketing","2023-04-27","","Активен","4677","3,26","2023","74,67","55,67","Низкая","2024-10-01"
"168","Nom_168","Prenom_168","Analyste","3","Informatique","2021-06-10","","Активен","3352","5,14","2021","80,17","88,67","Высокая","2024-10-01"
"169","Nom_169","Prenom_169","Analyste","1","Ressources Humaines","2023-01-24","","Активен","3525","3,52","2023","71,67","70,33","Средняя","2024-10-01"
"170","Nom_170","Prenom_170","Analyste","4","Data & Analytics","2023-09-11","","Активен","4834","2,89","2023","75,67","74","Средняя","2024-10-01"
"171","Nom_171","Prenom_171","Analyste","2","Finance","2023-05-18","","Активен","4093","3,21","2023","76,42","70,33","Средняя","2024-10-01"
"173","Nom_173","Prenom_173","Finance","3","Informatique","2021-01-12","","Активен","1722","5,55","2021","72,58","83,67","Высокая","2024-10-01"
"176","Nom_176","Prenom_176","Analyste","7","Service Client","2021-10-17","","Активен","3846","4,79","2021","80,75","84,33","Высокая","2024-10-01"
"177","Nom_177","Prenom_177","Manager","6","Ventes","2019-04-06","","Активен","1774","7,32","2019","72,67","68","Средняя","2024-10-01"
"178","Nom_178","Prenom_178","Manager","9","Juridique","2023-10-24","","Активен","2030","2,77","2023","66,67","67","Средняя","2024-10-01"
"179","Nom_179","Prenom_179","Developpeur","4","Data & Analytics","2020-04-29","","Активен","3235","6,26","2020","72,08","78","Средняя","2024-10-01"
"180","Nom_180","Prenom_180","Finance","1","Ressources Humaines","2022-12-01","","Активен","2614","3,67","2022","73","79,67","Средняя","2024-10-01"
"181","Nom_181","Prenom_181","RH","8","Opérations","2019-08-19","","Активен","3734","6,95","2019","70,75","70,33","Средняя","2024-10-01"
"182","Nom_182","Prenom_182","RH","7","Service Client","2021-01-18","","Активен","2163","5,53","2021","74,58","58,33","Низкая","2024-10-01"
"183","Nom_183","Prenom_183","Manager","7","Service Client","2023-08-06","2028-01-28","Активен","4740","2,99","2023","73,17","72","Средняя","2024-10-01"
"184","Nom_184","Prenom_184","Developpeur","3","Informatique","2022-04-09","","Активен","1003","4,31","2022","66,33","74,33","Средняя","2024-10-01"
"185","Nom_185","Prenom_185","RH","4","Data & Analytics","2020-06-24","","Активен","960","6,1","2020","68,67","77,33","Средняя","2024-10-01"
"186","Nom_186","Prenom_186","Manager","10","Direction Générale","2021-11-25","","Активен","1568","4,68","2021","76,08","75,67","Средняя","2024-10-01"
"187","Nom_187","Prenom_187","Finance","9","Juridique","2020-06-08","","Активен","4548","6,15","2020","72,58","79","Средняя","2024-10-01"
"188","Nom_188","Prenom_188","RH","6","Ventes","2022-03-29","","Активен","3381","4,34","2022","83,5","89","Высокая","2024-10-01"
"189","Nom_189","Prenom_189","Manager","5","Marketing","2023-09-19","","Активен","1893","2,87","2023","74,75","64","Средняя","2024-10-01"
"191","Nom_191","Prenom_191","Analyste","9","Juridique","2022-01-14","","Активен","2340","4,54","2022","75,92","87,67","Высокая","2024-10-01"
"192","Nom_192","Prenom_192","Finance","5","Marketing","2023-12-25","","Активен","3675","2,6","2023","70,42","63,67","Средняя","2024-10-01"
"193","Nom_193","Prenom_193","Analyste","5","Marketing","2020-07-31","","Активен","3991","6","2020","75,5","72,67","Средняя","2024-10-01"
"194","Nom_194","Prenom_194","Developpeur","4","Data & Analytics","2020-11-12","","Активен","2637","5,72","2020","77,25","93,67","Высокая","2024-10-01"
"195","Nom_195","Prenom_195","Analyste","4","Data & Analytics","2020-07-10","","Активен","1489","6,06","2020","74","81,33","Высокая","2024-10-01"
"196","Nom_196","Prenom_196","Analyste","1","Ressources Humaines","2023-05-17","","Активен","4559","3,21","2023","74,83","67","Средняя","2024-10-01"
"197","Nom_197","Prenom_197","RH","7","Service Client","2021-10-09","","Активен","3749","4,81","2021","77,92","81,33","Высокая","2024-10-01"
"198","Nom_198","Prenom_198","Manager","9","Juridique","2020-10-07","","Активен","2903","5,82","2020","72,25","73,33","Средняя","2024-10-01"
"199","Nom_199","Prenom_199","Finance","3","Informatique","2021-03-06","","Активен","1165","5,4","2021","75,92","75","Средняя","2024-10-01"
"200","Nom_200","Prenom_200","Analyste","2","Finance","2021-11-17","","Активен","4375","4,7","2021","76,33","79,67","Средняя","2024-10-01"
"201","Nom_201","Prenom_201","Finance","3","Informatique","2023-07-02","","Активен","4999","3,08","2023","76","75","Средняя","2024-10-01"
"202","Nom_202","Prenom_202","Analyste","1","Ressources Humaines","2023-04-29","","Активен","4972","3,26","2023","75,08","83,67","Высокая","2024-10-01"
"203","Nom_203","Prenom_203","Developpeur","6","Ventes","2022-09-25","","Активен","3178","3,85","2022","83","79,33","Средняя","2024-10-01"
"204","Nom_204","Prenom_204","Analyste","7","Service Client","2023-12-27","","Активен","2005","2,6","2023","77,17","81,67","Высокая","2024-10-01"
"205","Nom_205","Prenom_205","RH","2","Finance","2022-09-16","","Активен","4639","3,87","2022","78,67","70,67","Средняя","2024-10-01"
"206","Nom_206","Prenom_206","Manager","8","Opérations","2023-07-22","","Активен","3535","3,03","2023","73,17","76,67","Средняя","2024-10-01"
"207","Nom_207","Prenom_207","Developpeur","6","Ventes","2023-03-10","","Активен","4147","3,39","2023","72,08","70,67","Средняя","2024-10-01"
"209","Nom_209","Prenom_209","Finance","5","Marketing","2023-02-05","","Активен","1098","3,49","2023","74,25","72","Средняя","2024-10-01"
"210","Nom_210","Prenom_210","Developpeur","8","Opérations","2022-06-08","","Активен","1756","4,15","2022","67,75","74","Средняя","2024-10-01"
"211","Nom_211","Prenom_211","Developpeur","3","Informatique","2019-07-09","","Активен","1914","7,06","2019","69,67","70,67","Средняя","2024-10-01"
"212","Nom_212","Prenom_212","Analyste","3","Informatique","2022-06-02","","Активен","3305","4,16","2022","68,83","73,33","Средняя","2024-10-01"
"213","Nom_213","Prenom_213","Developpeur","4","Data & Analytics","2022-11-09","","Активен","2274","3,73","2022","76,83","81","Высокая","2024-10-01"
"214","Nom_214","Prenom_214","Finance","1","Ressources Humaines","2022-11-01","","Активен","4526","3,75","2022","73,83","77,67","Средняя","2024-10-01"
"215","Nom_215","Prenom_215","Developpeur","9","Juridique","2022-07-30","","Активен","4271","4,01","2022","78,5","84","Высокая","2024-10-01"
"216","Nom_216","Prenom_216","Finance","8","Opérations","2020-09-24","","Активен","3628","5,85","2020","69,83","74,33","Средняя","2024-10-01"
"217","Nom_217","Prenom_217","Analyste","8","Opérations","2020-09-19","","Активен","3650","5,86","2020","79,58","82","Высокая","2024-10-01"
"218","Nom_218","Prenom_218","Manager","10","Direction Générale","2021-08-30","","Активен","3306","4,92","2021","73,33","67,67","Средняя","2024-10-01"
"219","Nom_219","Prenom_219","Developpeur","6","Ventes","2023-11-04","","Активен","4570","2,74","2023","72,75","69,67","Средняя","2024-10-01"
"220","Nom_220","Prenom_220","Manager","7","Service Client","2022-07-06","","Активен","3764","4,07","2022","79,58","79","Средняя","2024-10-01"
"221","Nom_221","Prenom_221","Finance","6","Ventes","2022-10-14","","Активен","1749","3,8","2022","76,83","75,67","Средняя","2024-10-01"
"223","Nom_223","Prenom_223","RH","3","Informatique","2023-01-19","","Активен","965","3,53","2023","74,33","83,67","Высокая","2024-10-01"
"224","Nom_224","Prenom_224","Manager","3","Informatique","2022-12-05","","Активен","4286","3,66","2022","74,17","78,67","Средняя","2024-10-01"
"225","Nom_225","Prenom_225","Developpeur","3","Informatique","2020-10-10","","Активен","3309","5,81","2020","81,42","89,67","Высокая","2024-10-01"
"226","Nom_226","Prenom_226","Manager","10","Direction Générale","2019-11-14","","Активен","1719","6,71","2019","75,17","63,67","Средняя","2024-10-01"
"227","Nom_227","Prenom_227","Developpeur","3","Informatique","2023-08-28","","Активен","913","2,93","2023","84,25","78,33","Средняя","2024-10-01"
"228","Nom_228","Prenom_228","Analyste","9","Juridique","2022-06-02","","Активен","4304","4,16","2022","74,75","60,33","Средняя","2024-10-01"
"229","Nom_229","Prenom_229","Manager","4","Data & Analytics","2022-06-11","","Активен","1791","4,14","2022","72,08","78,67","Средняя","2024-10-01"
"230","Nom_230","Prenom_230","RH","7","Service Client","2020-11-14","","Активен","4639","5,71","2020","82,17","85,33","Высокая","2024-10-01"
"231","Nom_231","Prenom_231","RH","9","Juridique","2020-10-25","","Активен","2058","5,77","2020","69,42","81","Высокая","2024-10-01"
"232","Nom_232","Prenom_232","Finance","7","Service Client","2022-10-29","","Активен","4226","3,76","2022","77,25","84","Высокая","2024-10-01"
"234","Nom_234","Prenom_234","Manager","3","Informatique","2023-06-20","2028-05-01","Активен","3996","3,12","2023","76,08","75","Средняя","2024-10-01"
"235","Nom_235","Prenom_235","Finance","4","Data & Analytics","2023-02-04","","Активен","3384","3,49","2023","74,58","80,67","Высокая","2024-10-01"
"236","Nom_236","Prenom_236","Manager","8","Opérations","2022-06-10","","Активен","867","4,14","2022","79,17","71,67","Средняя","2024-10-01"
"237","Nom_237","Prenom_237","Developpeur","6","Ventes","2023-09-12","","Активен","2396","2,89","2023","75,75","59","Низкая","2024-10-01"
"238","Nom_238","Prenom_238","RH","5","Marketing","2022-02-10","","Активен","818","4,47","2022","83,58","87","Высокая","2024-10-01"
"239","Nom_239","Prenom_239","Analyste","4","Data & Analytics","2023-03-01","","Активен","3530","3,42","2023","74","74,33","Средняя","2024-10-01"
"241","Nom_241","Prenom_241","Finance","1","Ressources Humaines","2020-07-17","","Активен","1372","6,04","2020","79,33","80,33","Высокая","2024-10-01"
"242","Nom_242","Prenom_242","Analyste","9","Juridique","2022-07-15","","Активен","3058","4,05","2022","77,08","71,67","Средняя","2024-10-01"
"243","Nom_243","Prenom_243","Finance","1","Ressources Humaines","2023-03-14","","Активен","3702","3,38","2023","80,33","80,67","Высокая","2024-10-01"
"244","Nom_244","Prenom_244","Developpeur","8","Opérations","2022-11-10","","Активен","1450","3,72","2022","74,33","76","Средняя","2024-10-01"
"246","Nom_246","Prenom_246","Finance","9","Juridique","2022-02-10","","Активен","4062","4,47","2022","78","80,67","Высокая","2024-10-01"
"247","Nom_247","Prenom_247","Developpeur","5","Marketing","2023-06-25","","Активен","2138","3,1","2023","76,17","83,33","Высокая","2024-10-01"
"248","Nom_248","Prenom_248","RH","3","Informatique","2023-07-07","","Активен","4434","3,07","2023","77,17","73,33","Средняя","2024-10-01"
"249","Nom_249","Prenom_249","Developpeur","9","Juridique","2021-08-09","","Активен","3627","4,98","2021","76,58","92","Высокая","2024-10-01"
"250","Nom_250","Prenom_250","Manager","9","Juridique","2022-01-09","","Активен","3017","4,56","2022","68,5","67","Средняя","2024-10-01"
"251","Nom_251","Prenom_251","Developpeur","4","Data & Analytics","2020-11-29","","Активен","4339","5,67","2020","67,67","72","Средняя","2024-10-01"
"252","Nom_252","Prenom_252","Developpeur","4","Data & Analytics","2019-04-23","","Активен","1837","7,27","2019","69,75","73,33","Средняя","2024-10-01"
"253","Nom_253","Prenom_253","Manager","8","Opérations","2019-01-02","","Активен","4778","7,58","2019","68,25","62,33","Средняя","2024-10-01"
"254","Nom_254","Prenom_254","Finance","2","Finance","2020-10-03","","Активен","3761","5,83","2020","75,08","67,67","Средняя","2024-10-01"
"255","Nom_255","Prenom_255","Finance","9","Juridique","2019-08-08","","Активен","4026","6,98","2019","74,67","76","Средняя","2024-10-01"
"256","Nom_256","Prenom_256","Developpeur","6","Ventes","2023-05-09","","Активен","1898","3,23","2023","68,33","72,67","Средняя","2024-10-01"
"258","Nom_258","Prenom_258","Manager","8","Opérations","2023-10-26","","Активен","1739","2,77","2023","74,83","82","Высокая","2024-10-01"
"259","Nom_259","Prenom_259","RH","7","Service Client","2022-06-02","","Активен","4516","4,16","2022","68,33","65","Средняя","2024-10-01"
"260","Nom_260","Prenom_260","Finance","1","Ressources Humaines","2020-01-20","","Активен","4214","6,53","2020","70,75","77","Средняя","2024-10-01"
"261","Nom_261","Prenom_261","Analyste","3","Informatique","2022-11-27","","Активен","2248","3,68","2022","75,5","76,33","Средняя","2024-10-01"
"262","Nom_262","Prenom_262","Finance","2","Finance","2023-07-20","","Активен","1370","3,03","2023","75,83","67","Средняя","2024-10-01"
"265","Nom_265","Prenom_265","Analyste","5","Marketing","2023-09-04","","Активен","1717","2,91","2023","67,5","68,67","Средняя","2024-10-01"
"266","Nom_266","Prenom_266","RH","4","Data & Analytics","2020-12-30","","Активен","2674","5,59","2020","78,83","87,33","Высокая","2024-10-01"
"267","Nom_267","Prenom_267","Analyste","5","Marketing","2023-08-23","","Активен","2478","2,94","2023","72,5","67,67","Средняя","2024-10-01"
"268","Nom_268","Prenom_268","Developpeur","3","Informatique","2023-09-30","","Активен","1415","2,84","2023","73","82,33","Высокая","2024-10-01"
"269","Nom_269","Prenom_269","Analyste","1","Ressources Humaines","2022-12-10","","Активен","2549","3,64","2022","71,5","61,67","Средняя","2024-10-01"
"270","Nom_270","Prenom_270","RH","5","Marketing","2019-09-04","","Активен","4625","6,91","2019","72,83","79,33","Средняя","2024-10-01"
"271","Nom_271","Prenom_271","Finance","9","Juridique","2021-04-15","","Активен","4988","5,3","2021","72,42","67,33","Средняя","2024-10-01"
"272","Nom_272","Prenom_272","Analyste","9","Juridique","2023-01-02","","Активен","3277","3,58","2023","72,33","78,33","Средняя","2024-10-01"
"273","Nom_273","Prenom_273","Analyste","4","Data & Analytics","2019-07-22","","Активен","4305","7,03","2019","80,42","72","Средняя","2024-10-01"
"274","Nom_274","Prenom_274","Manager","3","Informatique","2022-04-22","","Активен","4275","4,28","2022","73,58","79","Средняя","2024-10-01"
"275","Nom_275","Prenom_275","Finance","1","Ressources Humaines","2019-05-03","","Активен","1935","7,25","2019","78,75","83,33","Высокая","2024-10-01"
"277","Nom_277","Prenom_277","RH","8","Opérations","2021-02-05","","Активен","1174","5,48","2021","77,08","77,33","Средняя","2024-10-01"
"278","Nom_278","Prenom_278","Developpeur","1","Ressources Humaines","2019-10-21","","Активен","1006","6,78","2019","74,83","71,67","Средняя","2024-10-01"
"279","Nom_279","Prenom_279","Finance","8","Opérations","2019-10-07","","Активен","2119","6,82","2019","75,58","68,33","Средняя","2024-10-01"
"280","Nom_280","Prenom_280","Analyste","7","Service Client","2021-06-02","","Активен","1941","5,16","2021","79,83","94","Высокая","2024-10-01"
"281","Nom_281","Prenom_281","Analyste","8","Opérations","2023-06-22","","Активен","3490","3,11","2023","72,25","78","Средняя","2024-10-01"
"282","Nom_282","Prenom_282","Finance","6","Ventes","2019-07-17","","Активен","4055","7,04","2019","80,42","76","Средняя","2024-10-01"
"283","Nom_283","Prenom_283","Analyste","9","Juridique","2021-09-08","","Активен","889","4,9","2021","79,92","60,33","Средняя","2024-10-01"
"284","Nom_284","Prenom_284","Analyste","3","Informatique","2023-03-15","","Активен","4908","3,38","2023","69,83","65,67","Средняя","2024-10-01"
"285","Nom_285","Prenom_285","Analyste","10","Direction Générale","2021-01-21","","Активен","3820","5,52","2021","73,08","72,67","Средняя","2024-10-01"
"286","Nom_286","Prenom_286","RH","4","Data & Analytics","2019-05-24","","Активен","2657","7,19","2019","73,33","62,67","Средняя","2024-10-01"
"287","Nom_287","Prenom_287","RH","6","Ventes","2020-08-31","","Активен","1604","5,92","2020","82,5","78,33","Средняя","2024-10-01"
"288","Nom_288","Prenom_288","Manager","8","Opérations","2022-05-09","","Активен","1744","4,23","2022","71,5","67,67","Средняя","2024-10-01"
"289","Nom_289","Prenom_289","Developpeur","5","Marketing","2022-02-21","","Активен","3589","4,44","2022","71,17","83,33","Высокая","2024-10-01"
"291","Nom_291","Prenom_291","Finance","6","Ventes","2022-09-11","","Активен","2410","3,89","2022","77,83","82","Высокая","2024-10-01"
"292","Nom_292","Prenom_292","Finance","4","Data & Analytics","2020-04-08","","Активен","3723","6,31","2020","78,5","74,33","Средняя","2024-10-01"
"293","Nom_293","Prenom_293","Manager","9","Juridique","2022-10-04","","Активен","4682","3,82","2022","70,17","84,67","Высокая","2024-10-01"
"294","Nom_294","Prenom_294","RH","3","Informatique","2023-11-30","","Активен","4021","2,67","2023","70,5","76,33","Средняя","2024-10-01"
"295","Nom_295","Prenom_295","Manager","4","Data & Analytics","2020-10-21","","Активен","3187","5,78","2020","66,83","66,33","Средняя","2024-10-01"
"296","Nom_296","Prenom_296","Finance","7","Service Client","2021-02-02","","Активен","1741","5,49","2021","74,58","79","Средняя","2024-10-01"
"297","Nom_297","Prenom_297","Developpeur","7","Service Client","2021-08-12","","Активен","3366","4,97","2021","82,58","78","Средняя","2024-10-01"
"298","Nom_298","Prenom_298","Analyste","4","Data & Analytics","2020-02-07","","Активен","1775","6,48","2020","72,42","73,67","Средняя","2024-10-01"
"299","Nom_299","Prenom_299","RH","6","Ventes","2022-10-01","","Активен","1754","3,83","2022","76","72,67","Средняя","2024-10-01"
"300","Nom_300","Prenom_300","RH","3","Informatique","2023-03-15","","Активен","2062","3,38","2023","77,17","88","Высокая","2024-10-01"
"301","Nom_301","Prenom_301","Manager","6","Ventes","2019-05-27","","Активен","1743","7,18","2019","72,08","78","Средняя","2024-10-01"
"302","Nom_302","Prenom_302","RH","2","Finance","2022-03-17","","Активен","3002","4,38","2022","75","74","Средняя","2024-10-01"
"304","Nom_304","Prenom_304","Finance","2","Finance","2023-10-01","","Активен","3059","2,83","2023","69,5","73,33","Средняя","2024-10-01"
"306","Nom_306","Prenom_306","Finance","9","Juridique","2021-07-17","","Активен","2057","5,04","2021","81,42","86,33","Высокая","2024-10-01"
"307","Nom_307","Prenom_307","Developpeur","1","Ressources Humaines","2023-07-22","","Активен","1264","3,03","2023","74,67","76,67","Средняя","2024-10-01"
"308","Nom_308","Prenom_308","Manager","8","Opérations","2020-07-04","","Активен","4094","6,08","2020","76,25","78","Средняя","2024-10-01"
"309","Nom_309","Prenom_309","Developpeur","7","Service Client","2019-12-04","","Активен","2030","6,66","2019","69,17","77","Средняя","2024-10-01"
"310","Nom_310","Prenom_310","Analyste","6","Ventes","2021-05-21","","Активен","3454","5,2","2021","73,75","70,67","Средняя","2024-10-01"
"311","Nom_311","Prenom_311","Developpeur","6","Ventes","2020-10-02","","Активен","1684","5,83","2020","72,17","79","Средняя","2024-10-01"
"312","Nom_312","Prenom_312","Analyste","6","Ventes","2023-12-08","","Активен","4605","2,65","2023","75,33","85,33","Высокая","2024-10-01"
"313","Nom_313","Prenom_313","Analyste","9","Juridique","2020-04-17","","Активен","4656","6,29","2020","79,17","77,33","Средняя","2024-10-01"
"314","Nom_314","Prenom_314","Developpeur","2","Finance","2019-05-31","","Активен","3935","7,17","2019","78,5","81,67","Высокая","2024-10-01"
"315","Nom_315","Prenom_315","Manager","1","Ressources Humaines","2022-12-09","","Активен","1724","3,64","2022","79,33","80","Высокая","2024-10-01"
"316","Nom_316","Prenom_316","Finance","6","Ventes","2022-08-14","","Активен","2346","3,96","2022","75,92","82,33","Высокая","2024-10-01"
"318","Nom_318","Prenom_318","Analyste","8","Opérations","2019-09-20","","Активен","3211","6,86","2019","77,08","75,67","Средняя","2024-10-01"
"319","Nom_319","Prenom_319","Analyste","3","Informatique","2023-11-23","","Активен","3417","2,69","2023","71,33","75,33","Средняя","2024-10-01"
"321","Nom_321","Prenom_321","RH","1","Ressources Humaines","2019-12-12","","Активен","3123","6,64","2019","68,75","74,67","Средняя","2024-10-01"
"322","Nom_322","Prenom_322","Developpeur","9","Juridique","2020-09-15","","Активен","4945","5,88","2020","78,5","77,67","Средняя","2024-10-01"
"323","Nom_323","Prenom_323","Analyste","1","Ressources Humaines","2021-10-13","","Активен","3575","4,8","2021","73","79","Средняя","2024-10-01"
"324","Nom_324","Prenom_324","Finance","3","Informatique","2023-05-15","","Активен","3955","3,21","2023","75,75","72","Средняя","2024-10-01"
"325","Nom_325","Prenom_325","Manager","8","Opérations","2021-05-30","","Активен","4770","5,17","2021","74,17","67","Средняя","2024-10-01"
"326","Nom_326","Prenom_326","Developpeur","3","Informatique","2019-01-02","","Активен","2840","7,58","2019","76,83","70,67","Средняя","2024-10-01"
"327","Nom_327","Prenom_327","Manager","4","Data & Analytics","2021-06-15","","Активен","1383","5,13","2021","86,33","90,33","Высокая","2024-10-01"
"329","Nom_329","Prenom_329","Developpeur","1","Ressources Humaines","2019-09-11","","Активен","2742","6,89","2019","71,83","85,33","Высокая","2024-10-01"
"330","Nom_330","Prenom_330","Analyste","6","Ventes","2023-08-03","","Активен","909","3","2023","73,67","78,67","Средняя","2024-10-01"
"332","Nom_332","Prenom_332","Manager","1","Ressources Humaines","2021-11-26","","Активен","1703","4,68","2021","73,5","75","Средняя","2024-10-01"
"333","Nom_333","Prenom_333","Finance","8","Opérations","2022-03-29","","Активен","1661","4,34","2022","77,08","71,67","Средняя","2024-10-01"
"334","Nom_334","Prenom_334","Finance","4","Data & Analytics","2021-10-11","","Активен","1883","4,8","2021","72,58","69","Средняя","2024-10-01"
"335","Nom_335","Prenom_335","Analyste","1","Ressources Humaines","2019-01-09","","Активен","1449","7,56","2019","83,5","70,33","Средняя","2024-10-01"
"336","Nom_336","Prenom_336","Analyste","10","Direction Générale","2022-06-10","","Активен","4934","4,14","2022","71,67","67,67","Средняя","2024-10-01"
"337","Nom_337","Prenom_337","RH","7","Service Client","2022-01-27","","Активен","4411","4,51","2022","75,17","75,67","Средняя","2024-10-01"
"338","Nom_338","Prenom_338","Finance","5","Marketing","2023-08-10","","Активен","1436","2,98","2023","78,17","78,33","Средняя","2024-10-01"
"339","Nom_339","Prenom_339","Developpeur","5","Marketing","2021-03-26","","Активен","1836","5,35","2021","71,67","72,67","Средняя","2024-10-01"
"340","Nom_340","Prenom_340","Manager","1","Ressources Humaines","2019-07-27","","Активен","4931","7,01","2019","74,17","78,33","Средняя","2024-10-01"
"342","Nom_342","Prenom_342","Manager","6","Ventes","2020-02-08","","Активен","4665","6,48","2020","73,33","76,67","Средняя","2024-10-01"
"343","Nom_343","Prenom_343","Manager","9","Juridique","2019-06-01","","Активен","3957","7,17","2019","74,83","86","Высокая","2024-10-01"
"344","Nom_344","Prenom_344","RH","9","Juridique","2019-02-23","","Активен","4387","7,44","2019","68,33","70","Средняя","2024-10-01"
"345","Nom_345","Prenom_345","Finance","8","Opérations","2022-02-17","2026-08-19","Активен","4094","4,45","2022","77,75","77,67","Средняя","2024-10-01"
"346","Nom_346","Prenom_346","Analyste","5","Marketing","2023-08-24","2027-05-30","Активен","3230","2,94","2023","70,5","71,67","Средняя","2024-10-01"
"347","Nom_347","Prenom_347","Manager","1","Ressources Humaines","2020-09-19","","Активен","2679","5,86","2020","67,33","68","Средняя","2024-10-01"
"348","Nom_348","Prenom_348","Analyste","9","Juridique","2020-08-09","","Активен","4766","5,98","2020","75,33","80,67","Высокая","2024-10-01"
"349","Nom_349","Prenom_349","Developpeur","1","Ressources Humaines","2023-07-07","2027-06-10","Активен","4513","3,07","2023","68,33","68,67","Средняя","2024-10-01"
"350","Nom_350","Prenom_350","RH","8","Opérations","2022-12-14","","Активен","4926","3,63","2022","72,42","79,67","Средняя","2024-10-01"
"351","Nom_351","Prenom_351","Developpeur","5","Marketing","2022-12-16","","Активен","4906","3,62","2022","77","69","Средняя","2024-10-01"
"352","Nom_352","Prenom_352","Analyste","3","Informatique","2019-04-14","","Активен","2811","7,3","2019","82,58","82,33","Высокая","2024-10-01"
"353","Nom_353","Prenom_353","Analyste","7","Service Client","2019-09-11","","Активен","4173","6,89","2019","70,25","65,33","Средняя","2024-10-01"
"354","Nom_354","Prenom_354","Finance","7","Service Client","2022-06-04","","Активен","2943","4,16","2022","73,58","74,67","Средняя","2024-10-01"
"355","Nom_355","Prenom_355","Manager","9","Juridique","2022-02-09","","Активен","3300","4,47","2022","75,25","67,67","Средняя","2024-10-01"
"357","Nom_357","Prenom_357","Developpeur","3","Informatique","2023-02-05","","Активен","2247","3,49","2023","72,83","74","Средняя","2024-10-01"
"358","Nom_358","Prenom_358","RH","1","Ressources Humaines","2019-04-09","","Активен","3999","7,31","2019","74,5","77","Средняя","2024-10-01"
"359","Nom_359","Prenom_359","Manager","8","Opérations","2019-06-02","","Активен","2743","7,16","2019","76","89,33","Высокая","2024-10-01"
"361","Nom_361","Prenom_361","Developpeur","8","Opérations","2021-05-27","","Активен","4016","5,18","2021","76,92","77,67","Средняя","2024-10-01"
"362","Nom_362","Prenom_362","Developpeur","8","Opérations","2019-12-04","","Активен","3936","6,66","2019","71,83","77","Средняя","2024-10-01"
"363","Nom_363","Prenom_363","Finance","5","Marketing","2023-09-26","","Активен","4118","2,85","2023","79,92","72,33","Средняя","2024-10-01"
"364","Nom_364","Prenom_364","RH","1","Ressources Humaines","2021-04-01","","Активен","3582","5,33","2021","71,33","71,67","Средняя","2024-10-01"
"365","Nom_365","Prenom_365","Finance","10","Direction Générale","2022-04-01","","Активен","1790","4,33","2022","82,42","89","Высокая","2024-10-01"
"366","Nom_366","Prenom_366","RH","7","Service Client","2023-10-10","","Активен","2953","2,81","2023","63,92","58,33","Низкая","2024-10-01"
"367","Nom_367","Prenom_367","Finance","10","Direction Générale","2021-08-14","","Активен","1025","4,96","2021","74,25","73,33","Средняя","2024-10-01"
"368","Nom_368","Prenom_368","Finance","5","Marketing","2023-09-01","","Активен","1576","2,92","2023","81,92","86,33","Высокая","2024-10-01"
"369","Nom_369","Prenom_369","Analyste","8","Opérations","2019-06-10","","Активен","3637","7,14","2019","80,08","88,67","Высокая","2024-10-01"
"370","Nom_370","Prenom_370","Developpeur","9","Juridique","2023-05-23","2027-06-04","Активен","1487","3,19","2023","73,42","75,33","Средняя","2024-10-01"
"371","Nom_371","Prenom_371","Finance","7","Service Client","2021-03-11","","Активен","1329","5,39","2021","77,58","70","Средняя","2024-10-01"
"372","Nom_372","Prenom_372","Finance","7","Service Client","2020-02-02","","Активен","4242","6,49","2020","73,75","70,67","Средняя","2024-10-01"
"373","Nom_373","Prenom_373","Manager","1","Ressources Humaines","2022-07-24","","Активен","2953","4,02","2022","76,33","77,67","Средняя","2024-10-01"
"374","Nom_374","Prenom_374","Developpeur","4","Data & Analytics","2021-03-26","","Активен","2094","5,35","2021","76,5","66,33","Средняя","2024-10-01"
"375","Nom_375","Prenom_375","Manager","2","Finance","2023-03-08","","Активен","2326","3,4","2023","77,42","70","Средняя","2024-10-01"
"376","Nom_376","Prenom_376","Developpeur","2","Finance","2022-11-16","","Активен","3696","3,71","2022","76,08","82,33","Высокая","2024-10-01"
"377","Nom_377","Prenom_377","Manager","2","Finance","2022-03-04","","Активен","3903","4,41","2022","79,33","81,67","Высокая","2024-10-01"
"378","Nom_378","Prenom_378","Finance","4","Data & Analytics","2022-05-03","","Активен","3240","4,25","2022","80,17","92,67","Высокая","2024-10-01"
"379","Nom_379","Prenom_379","Finance","1","Ressources Humaines","2020-02-05","","Активен","4935","6,49","2020","72,5","74,67","Средняя","2024-10-01"
"380","Nom_380","Prenom_380","Analyste","4","Data & Analytics","2020-10-01","","Активен","4602","5,83","2020","84","85,33","Высокая","2024-10-01"
"381","Nom_381","Prenom_381","Manager","2","Finance","2021-11-22","","Активен","1644","4,69","2021","75,92","75","Средняя","2024-10-01"
"382","Nom_382","Prenom_382","RH","5","Marketing","2020-11-18","","Активен","1246","5,7","2020","66,33","69,33","Средняя","2024-10-01"
"383","Nom_383","Prenom_383","Analyste","3","Informatique","2020-04-04","","Активен","4715","6,32","2020","74,25","78","Средняя","2024-10-01"
"384","Nom_384","Prenom_384","Manager","8","Opérations","2021-08-12","","Активен","3909","4,97","2021","69,67","70,67","Средняя","2024-10-01"
"385","Nom_385","Prenom_385","Manager","4","Data & Analytics","2020-04-14","","Активен","2034","6,3","2020","67,92","70,67","Средняя","2024-10-01"
"386","Nom_386","Prenom_386","Analyste","1","Ressources Humaines","2022-10-30","","Активен","1026","3,75","2022","74,17","67,33","Средняя","2024-10-01"
"387","Nom_387","Prenom_387","Finance","1","Ressources Humaines","2021-11-11","","Активен","4943","4,72","2021","69,08","61","Средняя","2024-10-01"
"388","Nom_388","Prenom_388","Manager","10","Direction Générale","2021-01-19","","Активен","3759","5,53","2021","70,17","68,33","Средняя","2024-10-01"
"389","Nom_389","Prenom_389","Finance","3","Informatique","2023-08-21","","Активен","2630","2,95","2023","69,42","62","Средняя","2024-10-01"
"390","Nom_390","Prenom_390","Analyste","9","Juridique","2019-02-07","","Активен","4579","7,48","2019","77,67","80,67","Высокая","2024-10-01"
"391","Nom_391","Prenom_391","Finance","7","Service Client","2019-08-18","","Активен","986","6,95","2019","68,75","79","Средняя","2024-10-01"
"392","Nom_392","Prenom_392","Developpeur","2","Finance","2022-10-20","","Активен","3677","3,78","2022","78,08","91,33","Высокая","2024-10-01"
"393","Nom_393","Prenom_393","RH","9","Juridique","2020-07-16","","Активен","3335","6,04","2020","77,58","89","Высокая","2024-10-01"
"394","Nom_394","Prenom_394","Manager","10","Direction Générale","2020-03-13","","Активен","2732","6,38","2020","78,5","88,33","Высокая","2024-10-01"
"396","Nom_396","Prenom_396","Finance","3","Informatique","2022-07-30","","Активен","1648","4,01","2022","75,5","62,67","Средняя","2024-10-01"
"397","Nom_397","Prenom_397","Manager","10","Direction Générale","2019-01-27","","Активен","2832","7,51","2019","79,58","82,67","Высокая","2024-10-01"
"398","Nom_398","Prenom_398","Finance","2","Finance","2019-08-14","","Активен","2052","6,97","2019","70,83","71,33","Средняя","2024-10-01"
"399","Nom_399","Prenom_399","Developpeur","3","Informatique","2022-07-24","","Активен","2681","4,02","2022","77,33","81,67","Высокая","2024-10-01"
"400","Nom_400","Prenom_400","Analyste","6","Ventes","2021-03-08","","Активен","1069","5,4","2021","75,33","73,67","Средняя","2024-10-01"
"402","Nom_402","Prenom_402","Developpeur","9","Juridique","2019-10-11","","Активен","4003","6,81","2019","77,25","74,33","Средняя","2024-10-01"
"403","Nom_403","Prenom_403","Developpeur","7","Service Client","2021-05-28","","Активен","2374","5,18","2021","78,08","85,67","Высокая","2024-10-01"
"404","Nom_404","Prenom_404","Manager","3","Informatique","2021-08-17","","Активен","3692","4,96","2021","77,25","80,67","Высокая","2024-10-01"
"405","Nom_405","Prenom_405","Finance","4","Data & Analytics","2023-02-13","","Активен","2495","3,46","2023","74,83","80,33","Высокая","2024-10-01"
"408","Nom_408","Prenom_408","Developpeur","2","Finance","2021-03-26","","Активен","2245","5,35","2021","70,58","75,33","Средняя","2024-10-01"
"409","Nom_409","Prenom_409","Finance","6","Ventes","2020-10-20","","Активен","1019","5,78","2020","66,17","62","Средняя","2024-10-01"
"410","Nom_410","Prenom_410","Finance","3","Informatique","2023-03-20","","Активен","852","3,37","2023","67,25","56","Низкая","2024-10-01"
"412","Nom_412","Prenom_412","Developpeur","2","Finance","2022-04-30","","Активен","2466","4,25","2022","73,33","69,67","Средняя","2024-10-01"
"413","Nom_413","Prenom_413","Finance","1","Ressources Humaines","2021-12-08","","Активен","3585","4,65","2021","75,42","84,33","Высокая","2024-10-01"
"414","Nom_414","Prenom_414","Manager","9","Juridique","2023-03-16","","Активен","1519","3,38","2023","79,58","71","Средняя","2024-10-01"
"415","Nom_415","Prenom_415","Analyste","3","Informatique","2019-01-17","","Активен","1205","7,54","2019","74,75","79,67","Средняя","2024-10-01"
"416","Nom_416","Prenom_416","Analyste","1","Ressources Humaines","2022-04-10","","Активен","3094","4,31","2022","79","89,67","Высокая","2024-10-01"
"417","Nom_417","Prenom_417","Analyste","7","Service Client","2022-05-28","2026-11-15","Активен","871","4,18","2022","80,25","86","Высокая","2024-10-01"
"418","Nom_418","Prenom_418","Developpeur","10","Direction Générale","2019-06-07","","Активен","2853","7,15","2019","72,92","80,67","Высокая","2024-10-01"
"419","Nom_419","Prenom_419","RH","5","Marketing","2020-04-21","","Активен","2029","6,28","2020","69,67","58,33","Низкая","2024-10-01"
"420","Nom_420","Prenom_420","Finance","5","Marketing","2021-12-05","","Активен","2367","4,65","2021","74,42","83","Высокая","2024-10-01"
"421","Nom_421","Prenom_421","Manager","1","Ressources Humaines","2022-10-28","","Активен","4482","3,76","2022","69,92","69,67","Средняя","2024-10-01"
"422","Nom_422","Prenom_422","Manager","9","Juridique","2020-06-01","","Активен","3753","6,17","2020","69,92","67","Средняя","2024-10-01"
"423","Nom_423","Prenom_423","Developpeur","7","Service Client","2019-04-09","","Активен","1498","7,31","2019","78,33","72,33","Средняя","2024-10-01"
"424","Nom_424","Prenom_424","Analyste","8","Opérations","2023-11-04","","Активен","1626","2,74","2023","80,17","95","Высокая","2024-10-01"
"425","Nom_425","Prenom_425","Developpeur","9","Juridique","2021-11-26","","Активен","1148","4,68","2021","71","65","Средняя","2024-10-01"
"426","Nom_426","Prenom_426","RH","6","Ventes","2019-10-07","","Активен","4708","6,82","2019","77,92","63,33","Средняя","2024-10-01"
"427","Nom_427","Prenom_427","RH","5","Marketing","2022-10-04","","Активен","1107","3,82","2022","76,42","76,67","Средняя","2024-10-01"
"428","Nom_428","Prenom_428","Finance","6","Ventes","2020-05-11","","Активен","4216","6,22","2020","64,67","65,33","Средняя","2024-10-01"
"429","Nom_429","Prenom_429","Finance","2","Finance","2019-10-29","","Активен","3134","6,76","2019","70,75","85,33","Высокая","2024-10-01"
"430","Nom_430","Prenom_430","RH","4","Data & Analytics","2019-06-30","","Активен","3609","7,09","2019","68,33","58,67","Низкая","2024-10-01"
"431","Nom_431","Prenom_431","RH","3","Informatique","2020-08-29","","Активен","4358","5,92","2020","69,08","54,33","Низкая","2024-10-01"
"433","Nom_433","Prenom_433","Developpeur","9","Juridique","2020-11-30","","Активен","3486","5,67","2020","75,58","74","Средняя","2024-10-01"
"434","Nom_434","Prenom_434","RH","5","Marketing","2021-09-19","","Активен","3785","4,87","2021","73,33","69","Средняя","2024-10-01"
"435","Nom_435","Prenom_435","Manager","6","Ventes","2022-02-13","","Активен","1075","4,46","2022","74,92","76,67","Средняя","2024-10-01"
"436","Nom_436","Prenom_436","Analyste","10","Direction Générale","2019-07-10","","Активен","3347","7,06","2019","75,25","68","Средняя","2024-10-01"
"437","Nom_437","Prenom_437","RH","2","Finance","2019-09-10","","Активен","3564","6,89","2019","70,67","66","Средняя","2024-10-01"
"438","Nom_438","Prenom_438","Analyste","3","Informatique","2021-09-07","","Активен","1136","4,9","2021","70,67","70,33","Средняя","2024-10-01"
"439","Nom_439","Prenom_439","Developpeur","3","Informatique","2021-07-16","","Активен","2773","5,04","2021","71","56,33","Низкая","2024-10-01"
"440","Nom_440","Prenom_440","Analyste","9","Juridique","2022-03-30","2027-07-07","Активен","3779","4,34","2022","74,08","72,67","Средняя","2024-10-01"
"441","Nom_441","Prenom_441","Developpeur","7","Service Client","2022-07-03","","Активен","4768","4,08","2022","76","88,33","Высокая","2024-10-01"
"442","Nom_442","Prenom_442","Manager","8","Opérations","2022-09-08","","Активен","1710","3,9","2022","75","78","Средняя","2024-10-01"
"443","Nom_443","Prenom_443","Developpeur","10","Direction Générale","2019-05-08","","Активен","2796","7,23","2019","64,92","60","Средняя","2024-10-01"
"444","Nom_444","Prenom_444","Developpeur","9","Juridique","2019-01-18","","Активен","3929","7,53","2019","77,33","71,67","Средняя","2024-10-01"
"445","Nom_445","Prenom_445","Finance","6","Ventes","2023-12-22","","Активен","4557","2,61","2023","70,83","68,67","Средняя","2024-10-01"
"446","Nom_446","Prenom_446","RH","4","Data & Analytics","2023-10-25","","Активен","1127","2,77","2023","74,83","69,33","Средняя","2024-10-01"
"447","Nom_447","Prenom_447","RH","1","Ressources Humaines","2020-07-19","","Активен","2599","6,03","2020","65,92","63,67","Средняя","2024-10-01"
"448","Nom_448","Prenom_448","Manager","8","Opérations","2020-07-23","","Активен","1114","6,02","2020","74,92","70,67","Средняя","2024-10-01"
"449","Nom_449","Prenom_449","Manager","7","Service Client","2022-09-08","","Активен","4345","3,9","2022","73,17","62","Средняя","2024-10-01"
"450","Nom_450","Prenom_450","RH","2","Finance","2020-11-16","","Активен","1934","5,71","2020","78,5","82,33","Высокая","2024-10-01"
"451","Nom_451","Prenom_451","Finance","8","Opérations","2023-12-21","","Активен","3546","2,61","2023","75,58","73","Средняя","2024-10-01"
"452","Nom_452","Prenom_452","RH","5","Marketing","2020-09-17","","Активен","2320","5,87","2020","68,75","64,67","Средняя","2024-10-01"
"453","Nom_453","Prenom_453","Finance","7","Service Client","2022-08-04","","Активен","955","3,99","2022","76,75","73,67","Средняя","2024-10-01"
"454","Nom_454","Prenom_454","Manager","4","Data & Analytics","2021-05-03","","Активен","2524","5,25","2021","74,75","62","Средняя","2024-10-01"
"455","Nom_455","Prenom_455","Analyste","5","Marketing","2023-08-14","","Активен","4143","2,97","2023","69,5","65","Средняя","2024-10-01"
"456","Nom_456","Prenom_456","Manager","8","Opérations","2021-08-19","","Активен","1686","4,95","2021","81,33","78,33","Средняя","2024-10-01"
"457","Nom_457","Prenom_457","Manager","1","Ressources Humaines","2023-07-21","2026-08-27","Активен","3873","3,03","2023","71,58","75,67","Средняя","2024-10-01"
"458","Nom_458","Prenom_458","Developpeur","1","Ressources Humaines","2019-06-04","","Активен","3605","7,16","2019","73,25","81,33","Высокая","2024-10-01"
"459","Nom_459","Prenom_459","Developpeur","4","Data & Analytics","2020-05-04","","Активен","1521","6,24","2020","80,33","75,67","Средняя","2024-10-01"
"460","Nom_460","Prenom_460","Developpeur","3","Informatique","2022-11-10","","Активен","1712","3,72","2022","75,67","84","Высокая","2024-10-01"
"461","Nom_461","Prenom_461","Developpeur","10","Direction Générale","2021-02-23","","Активен","4157","5,43","2021","75,17","86,33","Высокая","2024-10-01"
"463","Nom_463","Prenom_463","RH","3","Informatique","2022-11-17","","Активен","4908","3,7","2022","66,58","62,67","Средняя","2024-10-01"
"464","Nom_464","Prenom_464","Analyste","1","Ressources Humaines","2019-09-03","","Активен","1297","6,91","2019","67,25","68,33","Средняя","2024-10-01"
"465","Nom_465","Prenom_465","Manager","1","Ressources Humaines","2022-04-14","2027-01-13","Активен","2556","4,3","2022","75,83","78,67","Средняя","2024-10-01"
"466","Nom_466","Prenom_466","Finance","6","Ventes","2021-11-28","","Активен","1917","4,67","2021","77,33","73","Средняя","2024-10-01"
"467","Nom_467","Prenom_467","Analyste","5","Marketing","2023-02-09","","Активен","4209","3,47","2023","76,42","83","Высокая","2024-10-01"
"468","Nom_468","Prenom_468","Finance","8","Opérations","2023-09-02","","Активен","3628","2,91","2023","81,42","79,33","Средняя","2024-10-01"
"469","Nom_469","Prenom_469","Finance","2","Finance","2021-01-28","","Активен","2447","5,51","2021","72,67","78","Средняя","2024-10-01"
"470","Nom_470","Prenom_470","Manager","4","Data & Analytics","2020-06-21","","Активен","3783","6,11","2020","66,58","73","Средняя","2024-10-01"
"471","Nom_471","Prenom_471","RH","8","Opérations","2021-07-09","","Активен","942","5,06","2021","68,67","77","Средняя","2024-10-01"
"472","Nom_472","Prenom_472","Developpeur","6","Ventes","2020-02-12","","Активен","3561","6,47","2020","66,33","68,67","Средняя","2024-10-01"
"474","Nom_474","Prenom_474","Manager","4","Data & Analytics","2021-04-07","","Активен","3231","5,32","2021","73,83","80","Высокая","2024-10-01"
"475","Nom_475","Prenom_475","Manager","1","Ressources Humaines","2023-03-10","","Активен","2648","3,39","2023","75,67","77","Средняя","2024-10-01"
"477","Nom_477","Prenom_477","Analyste","5","Marketing","2019-02-05","","Активен","2517","7,49","2019","79,17","76,67","Средняя","2024-10-01"
"478","Nom_478","Prenom_478","RH","8","Opérations","2020-11-15","","Активен","3872","5,71","2020","74,92","86,33","Высокая","2024-10-01"
"479","Nom_479","Prenom_479","RH","8","Opérations","2019-01-20","","Активен","1867","7,53","2019","74,92","80","Высокая","2024-10-01"
"480","Nom_480","Prenom_480","Finance","3","Informatique","2019-11-17","","Активен","3586","6,7","2019","73,5","79","Средняя","2024-10-01"
"481","Nom_481","Prenom_481","Finance","4","Data & Analytics","2023-12-05","","Активен","4591","2,66","2023","74,75","72,67","Средняя","2024-10-01"
"482","Nom_482","Prenom_482","Finance","10","Direction Générale","2020-05-26","","Активен","2088","6,18","2020","74,17","91,67","Высокая","2024-10-01"
"483","Nom_483","Prenom_483","Manager","6","Ventes","2020-02-04","","Активен","4671","6,49","2020","71,75","75,33","Средняя","2024-10-01"
"484","Nom_484","Prenom_484","RH","10","Direction Générale","2020-10-15","","Активен","2606","5,79","2020","69","68,33","Средняя","2024-10-01"
"485","Nom_485","Prenom_485","Manager","3","Informatique","2021-08-29","","Активен","2304","4,92","2021","76,42","64","Средняя","2024-10-01"
"486","Nom_486","Prenom_486","Analyste","2","Finance","2020-04-15","","Активен","4108","6,29","2020","67,75","66,67","Средняя","2024-10-01"
"487","Nom_487","Prenom_487","Finance","6","Ventes","2022-03-12","","Активен","3751","4,39","2022","82,08","81,67","Высокая","2024-10-01"
"489","Nom_489","Prenom_489","Manager","10","Direction Générale","2022-10-09","2026-12-03","Активен","2490","3,81","2022","69,25","60,33","Средняя","2024-10-01"
"492","Nom_492","Prenom_492","RH","5","Marketing","2020-12-27","","Активен","3913","5,59","2020","74,17","70","Средняя","2024-10-01"
"494","Nom_494","Prenom_494","Finance","5","Marketing","2019-02-20","","Активен","3462","7,44","2019","70,83","68,67","Средняя","2024-10-01"
"495","Nom_495","Prenom_495","Manager","3","Informatique","2023-08-16","","Активен","2304","2,96","2023","69,5","66,33","Средняя","2024-10-01"
"496","Nom_496","Prenom_496","Analyste","7","Service Client","2023-09-18","","Активен","3263","2,87","2023","78,58","68","Средняя","2024-10-01"
"497","Nom_497","Prenom_497","Analyste","6","Ventes","2020-07-28","","Активен","3353","6,01","2020","80,67","76,33","Средняя","2024-10-01"
"498","Nom_498","Prenom_498","RH","4","Data & Analytics","2022-04-28","","Активен","1532","4,26","2022","78,58","78","Средняя","2024-10-01"
"499","Nom_499","Prenom_499","Developpeur","2","Finance","2022-02-22","","Активен","2548","4,44","2022","77,92","77","Средняя","2024-10-01"
"501","Nom_501","Prenom_501","Manager","1","Ressources Humaines","2019-11-10","","Активен","1223","6,72","2019","77,08","74,33","Средняя","2024-10-01"
"502","Nom_502","Prenom_502","RH","4","Data & Analytics","2020-07-23","","Активен","4278","6,02","2020","78,5","78,33","Средняя","2024-10-01"
"503","Nom_503","Prenom_503","Analyste","1","Ressources Humaines","2022-09-27","","Активен","2391","3,84","2022","73,67","88,33","Высокая","2024-10-01"
"504","Nom_504","Prenom_504","Analyste","6","Ventes","2019-11-01","","Активен","1292","6,75","2019","73,5","70,33","Средняя","2024-10-01"
"505","Nom_505","Prenom_505","Finance","4","Data & Analytics","2023-09-12","2028-04-03","Активен","991","2,89","2023","80,42","83","Высокая","2024-10-01"
"506","Nom_506","Prenom_506","Finance","5","Marketing","2020-11-12","","Активен","1298","5,72","2020","76,58","87,33","Высокая","2024-10-01"
"507","Nom_507","Prenom_507","Manager","5","Marketing","2021-04-17","","Активен","2056","5,29","2021","73,67","63,33","Средняя","2024-10-01"
"508","Nom_508","Prenom_508","Developpeur","9","Juridique","2023-12-12","","Активен","2768","2,64","2023","79,67","71,33","Средняя","2024-10-01"
"509","Nom_509","Prenom_509","RH","1","Ressources Humaines","2021-12-13","","Активен","2986","4,63","2021","70,92","68,33","Средняя","2024-10-01"
"510","Nom_510","Prenom_510","Manager","2","Finance","2021-09-29","","Активен","1616","4,84","2021","76,17","73","Средняя","2024-10-01"
"511","Nom_511","Prenom_511","Finance","6","Ventes","2020-03-19","","Активен","4020","6,37","2020","70,17","76","Средняя","2024-10-01"
"513","Nom_513","Prenom_513","Finance","7","Service Client","2021-09-19","","Активен","1886","4,87","2021","80,17","70,33","Средняя","2024-10-01"
"515","Nom_515","Prenom_515","Developpeur","3","Informatique","2021-12-12","","Активен","2674","4,64","2021","75,33","83,67","Высокая","2024-10-01"
"516","Nom_516","Prenom_516","Manager","10","Direction Générale","2023-05-15","","Активен","1670","3,21","2023","75,25","82,67","Высокая","2024-10-01"
"517","Nom_517","Prenom_517","RH","2","Finance","2021-09-30","","Активен","2842","4,84","2021","67,5","61,67","Средняя","2024-10-01"
"518","Nom_518","Prenom_518","Analyste","3","Informatique","2023-07-02","","Активен","1072","3,08","2023","75,67","68,67","Средняя","2024-10-01"
"519","Nom_519","Prenom_519","Analyste","10","Direction Générale","2019-01-05","","Активен","1829","7,57","2019","77,17","73,33","Средняя","2024-10-01"
"520","Nom_520","Prenom_520","RH","1","Ressources Humaines","2022-01-31","","Активен","4018","4,5","2022","77","82","Высокая","2024-10-01"
"521","Nom_521","Prenom_521","RH","5","Marketing","2022-05-04","","Активен","4869","4,24","2022","74,25","71,67","Средняя","2024-10-01"
"522","Nom_522","Prenom_522","RH","5","Marketing","2021-02-12","","Активен","1851","5,46","2021","71,58","70,67","Средняя","2024-10-01"
"523","Nom_523","Prenom_523","Analyste","7","Service Client","2021-05-26","","Активен","4833","5,18","2021","78,5","75","Средняя","2024-10-01"
"524","Nom_524","Prenom_524","Analyste","4","Data & Analytics","2021-09-18","","Активен","2373","4,87","2021","75,33","75,33","Средняя","2024-10-01"
"525","Nom_525","Prenom_525","RH","3","Informatique","2021-06-02","","Активен","3990","5,16","2021","77,17","76","Средняя","2024-10-01"
"526","Nom_526","Prenom_526","Finance","1","Ressources Humaines","2022-10-05","","Активен","4597","3,82","2022","75,42","63,33","Средняя","2024-10-01"
"528","Nom_528","Prenom_528","Developpeur","3","Informatique","2021-05-16","","Активен","4547","5,21","2021","80,17","82,33","Высокая","2024-10-01"
"529","Nom_529","Prenom_529","Manager","2","Finance","2021-04-02","","Активен","2905","5,33","2021","78,08","81,33","Высокая","2024-10-01"
"530","Nom_530","Prenom_530","Finance","4","Data & Analytics","2021-07-24","","Активен","1107","5,02","2021","72,08","78,67","Средняя","2024-10-01"
"531","Nom_531","Prenom_531","Analyste","3","Informatique","2020-10-17","","Активен","4159","5,79","2020","67,42","69,33","Средняя","2024-10-01"
"532","Nom_532","Prenom_532","Finance","1","Ressources Humaines","2019-09-26","","Активен","3976","6,85","2019","73,75","74","Средняя","2024-10-01"
"533","Nom_533","Prenom_533","Developpeur","3","Informatique","2020-01-05","","Активен","2051","6,57","2020","76,5","73","Средняя","2024-10-01"
"534","Nom_534","Prenom_534","Developpeur","2","Finance","2020-09-27","","Активен","3547","5,84","2020","79,08","74,33","Средняя","2024-10-01"
"535","Nom_535","Prenom_535","Manager","8","Opérations","2022-02-03","","Активен","2317","4,49","2022","74,83","65","Средняя","2024-10-01"
"536","Nom_536","Prenom_536","Finance","6","Ventes","2023-08-21","","Активен","2178","2,95","2023","76,42","95","Высокая","2024-10-01"
"537","Nom_537","Prenom_537","Analyste","9","Juridique","2023-08-10","","Активен","2761","2,98","2023","71,42","68,67","Средняя","2024-10-01"
"538","Nom_538","Prenom_538","Analyste","8","Opérations","2020-10-18","","Активен","3663","5,79","2020","74,33","71,67","Средняя","2024-10-01"
"539","Nom_539","Prenom_539","RH","10","Direction Générale","2019-04-30","","Активен","3456","7,26","2019","75,75","80,33","Высокая","2024-10-01"
"540","Nom_540","Prenom_540","Analyste","3","Informatique","2021-04-10","","Активен","3294","5,31","2021","75,83","73","Средняя","2024-10-01"
"541","Nom_541","Prenom_541","Manager","5","Marketing","2023-12-16","2026-09-02","Активен","4805","2,63","2023","74,25","76,33","Средняя","2024-10-01"
"542","Nom_542","Prenom_542","Manager","7","Service Client","2023-06-16","","Активен","4363","3,13","2023","70","65,33","Средняя","2024-10-01"
"543","Nom_543","Prenom_543","Analyste","5","Marketing","2021-12-17","","Активен","1722","4,62","2021","73,33","82","Высокая","2024-10-01"
"544","Nom_544","Prenom_544","Analyste","8","Opérations","2022-10-01","","Активен","3759","3,83","2022","69,17","58","Низкая","2024-10-01"
"545","Nom_545","Prenom_545","RH","5","Marketing","2021-01-10","","Активен","983","5,56","2021","71,5","71,67","Средняя","2024-10-01"
"546","Nom_546","Prenom_546","Analyste","1","Ressources Humaines","2023-02-06","","Активен","4158","3,48","2023","83,25","91,33","Высокая","2024-10-01"
"547","Nom_547","Prenom_547","RH","5","Marketing","2019-04-27","","Активен","2198","7,26","2019","75,33","69","Средняя","2024-10-01"
"548","Nom_548","Prenom_548","RH","4","Data & Analytics","2021-03-01","","Активен","3596","5,42","2021","70,92","74,33","Средняя","2024-10-01"
"549","Nom_549","Prenom_549","Analyste","6","Ventes","2022-02-24","","Активен","1336","4,43","2022","82,5","94,67","Высокая","2024-10-01"
"550","Nom_550","Prenom_550","Developpeur","3","Informatique","2022-11-17","","Активен","2073","3,7","2022","74,25","84,67","Высокая","2024-10-01"
"551","Nom_551","Prenom_551","Developpeur","5","Marketing","2021-10-09","","Активен","3767","4,81","2021","74,83","72,67","Средняя","2024-10-01"
"552","Nom_552","Prenom_552","RH","2","Finance","2023-07-23","","Активен","3849","3,03","2023","78,42","76,33","Средняя","2024-10-01"
"553","Nom_553","Prenom_553","Analyste","6","Ventes","2021-12-17","","Активен","1896","4,62","2021","73,42","67,33","Средняя","2024-10-01"
"554","Nom_554","Prenom_554","Developpeur","6","Ventes","2020-09-25","","Активен","2105","5,85","2020","84,08","87,67","Высокая","2024-10-01"
"555","Nom_555","Prenom_555","Analyste","5","Marketing","2020-05-27","","Активен","1715","6,18","2020","74,08","58","Низкая","2024-10-01"
"556","Nom_556","Prenom_556","Analyste","6","Ventes","2023-11-10","","Активен","3881","2,72","2023","83","80","Высокая","2024-10-01"
"557","Nom_557","Prenom_557","Analyste","7","Service Client","2021-03-12","","Активен","1828","5,39","2021","81,92","84,33","Высокая","2024-10-01"
"558","Nom_558","Prenom_558","Finance","5","Marketing","2022-01-24","","Активен","2777","4,52","2022","71,5","75,67","Средняя","2024-10-01"
"559","Nom_559","Prenom_559","Analyste","1","Ressources Humaines","2023-07-20","","Активен","4154","3,03","2023","81,5","75","Средняя","2024-10-01"
"560","Nom_560","Prenom_560","Finance","8","Opérations","2022-02-15","","Активен","3311","4,46","2022","74,33","80,33","Высокая","2024-10-01"
"561","Nom_561","Prenom_561","RH","4","Data & Analytics","2020-07-13","","Активен","1070","6,05","2020","73,25","71","Средняя","2024-10-01"
"562","Nom_562","Prenom_562","Developpeur","9","Juridique","2023-06-13","","Активен","1986","3,13","2023","78,25","66","Средняя","2024-10-01"
"563","Nom_563","Prenom_563","Developpeur","10","Direction Générale","2020-05-02","","Активен","4564","6,25","2020","73,17","94","Высокая","2024-10-01"
"565","Nom_565","Prenom_565","Developpeur","1","Ressources Humaines","2021-06-15","","Активен","4982","5,13","2021","77,92","88,33","Высокая","2024-10-01"
"567","Nom_567","Prenom_567","Developpeur","3","Informatique","2022-04-27","","Активен","3030","4,26","2022","78,83","68,33","Средняя","2024-10-01"
"568","Nom_568","Prenom_568","Developpeur","10","Direction Générale","2020-12-04","","Активен","928","5,66","2020","76,75","77,67","Средняя","2024-10-01"
"569","Nom_569","Prenom_569","RH","4","Data & Analytics","2023-01-10","","Активен","2069","3,56","2023","79,58","67","Средняя","2024-10-01"
"570","Nom_570","Prenom_570","Analyste","6","Ventes","2020-08-03","","Активен","4472","5,99","2020","73,67","65,33","Средняя","2024-10-01"
"571","Nom_571","Prenom_571","Manager","7","Service Client","2021-02-28","","Активен","2401","5,42","2021","79,58","76,67","Средняя","2024-10-01"
"572","Nom_572","Prenom_572","Finance","10","Direction Générale","2021-05-10","","Активен","4770","5,23","2021","72","68,33","Средняя","2024-10-01"
"573","Nom_573","Prenom_573","Manager","4","Data & Analytics","2019-09-04","","Активен","1427","6,91","2019","79","87","Высокая","2024-10-01"
"574","Nom_574","Prenom_574","Manager","6","Ventes","2022-01-04","","Активен","4597","4,57","2022","69,92","76,67","Средняя","2024-10-01"
"575","Nom_575","Prenom_575","Analyste","1","Ressources Humaines","2019-06-03","","Активен","2844","7,16","2019","78,92","89,67","Высокая","2024-10-01"
"576","Nom_576","Prenom_576","Analyste","8","Opérations","2023-08-07","","Активен","4352","2,98","2023","74,5","87","Высокая","2024-10-01"
"577","Nom_577","Prenom_577","Analyste","7","Service Client","2022-12-29","","Активен","3141","3,59","2022","79,83","85,33","Высокая","2024-10-01"
"578","Nom_578","Prenom_578","Developpeur","9","Juridique","2021-09-23","","Активен","4014","4,85","2021","78,08","82,33","Высокая","2024-10-01"
"579","Nom_579","Prenom_579","RH","3","Informatique","2022-01-14","","Активен","1049","4,54","2022","78,75","63,67","Средняя","2024-10-01"
"580","Nom_580","Prenom_580","Developpeur","2","Finance","2020-11-27","","Активен","3725","5,68","2020","72,75","63,67","Средняя","2024-10-01"
"581","Nom_581","Prenom_581","RH","1","Ressources Humaines","2022-08-01","","Активен","1774","4","2022","82,67","83,33","Высокая","2024-10-01"
"582","Nom_582","Prenom_582","RH","3","Informatique","2022-05-28","","Активен","2125","4,18","2022","62","76,67","Средняя","2024-10-01"
"583","Nom_583","Prenom_583","Manager","5","Marketing","2021-12-28","","Активен","1783","4,59","2021","76,08","76,33","Средняя","2024-10-01"
"584","Nom_584","Prenom_584","Manager","2","Finance","2021-12-06","","Активен","1688","4,65","2021","79,58","68,33","Средняя","2024-10-01"
"586","Nom_586","Prenom_586","RH","4","Data & Analytics","2019-04-04","","Активен","2917","7,33","2019","72,25","68,33","Средняя","2024-10-01"
"587","Nom_587","Prenom_587","Developpeur","7","Service Client","2023-11-09","2028-09-27","Активен","3472","2,73","2023","68","75","Средняя","2024-10-01"
"588","Nom_588","Prenom_588","Developpeur","3","Informatique","2021-08-15","","Активен","2126","4,96","2021","74,33","88,67","Высокая","2024-10-01"
"589","Nom_589","Prenom_589","Manager","9","Juridique","2021-10-08","","Активен","1270","4,81","2021","81,5","74,67","Средняя","2024-10-01"
"590","Nom_590","Prenom_590","Analyste","8","Opérations","2020-03-28","","Активен","2787","6,34","2020","75,17","83,67","Высокая","2024-10-01"
"591","Nom_591","Prenom_591","RH","4","Data & Analytics","2022-05-12","","Активен","890","4,22","2022","76,08","81,67","Высокая","2024-10-01"
"592","Nom_592","Prenom_592","Developpeur","1","Ressources Humaines","2021-06-30","","Активен","1329","5,09","2021","77","73","Средняя","2024-10-01"
"593","Nom_593","Prenom_593","Manager","1","Ressources Humaines","2019-08-06","","Активен","4859","6,99","2019","66","58,33","Низкая","2024-10-01"
"594","Nom_594","Prenom_594","Developpeur","1","Ressources Humaines","2020-04-18","","Активен","3573","6,29","2020","76,33","70,67","Средняя","2024-10-01"
"595","Nom_595","Prenom_595","RH","1","Ressources Humaines","2020-03-07","","Активен","2486","6,4","2020","75,25","73,33","Средняя","2024-10-01"
"596","Nom_596","Prenom_596","RH","8","Opérations","2019-12-07","","Активен","991","6,65","2019","73,08","75,67","Средняя","2024-10-01"
"597","Nom_597","Prenom_597","Finance","3","Informatique","2020-07-04","","Активен","2786","6,08","2020","75,33","87,33","Высокая","2024-10-01"
"598","Nom_598","Prenom_598","Analyste","6","Ventes","2023-06-24","","Активен","4423","3,1","2023","76,75","69","Средняя","2024-10-01"
"599","Nom_599","Prenom_599","Finance","3","Informatique","2022-08-05","","Активен","2985","3,99","2022","70,42","69","Средняя","2024-10-01"
"601","Nom_601","Prenom_601","Developpeur","7","Service Client","2023-10-24","","Активен","4583","2,77","2023","73,83","82","Высокая","2024-10-01"
"602","Nom_602","Prenom_602","Manager","2","Finance","2019-12-23","","Активен","2852","6,61","2019","75,92","80,33","Высокая","2024-10-01"
"603","Nom_603","Prenom_603","RH","6","Ventes","2019-01-23","","Активен","4108","7,52","2019","75,17","71,33","Средняя","2024-10-01"
"604","Nom_604","Prenom_604","Finance","6","Ventes","2023-11-21","","Активен","2516","2,69","2023","70,5","89,67","Высокая","2024-10-01"
"605","Nom_605","Prenom_605","Finance","3","Informatique","2020-06-05","","Активен","1110","6,15","2020","79,17","84","Высокая","2024-10-01"
"608","Nom_608","Prenom_608","RH","10","Direction Générale","2021-03-12","","Активен","4068","5,39","2021","68,58","62,67","Средняя","2024-10-01"
"609","Nom_609","Prenom_609","Developpeur","5","Marketing","2022-04-18","","Активен","1384","4,29","2022","70,75","72,67","Средняя","2024-10-01"
"610","Nom_610","Prenom_610","Developpeur","2","Finance","2022-05-31","","Активен","3599","4,17","2022","86,5","93,67","Высокая","2024-10-01"
"611","Nom_611","Prenom_611","Manager","9","Juridique","2021-01-31","","Активен","1159","5,5","2021","67,42","62,33","Средняя","2024-10-01"
"612","Nom_612","Prenom_612","Finance","8","Opérations","2023-08-10","","Активен","3666","2,98","2023","74,75","62,67","Средняя","2024-10-01"
"614","Nom_614","Prenom_614","Manager","8","Opérations","2023-06-20","2026-11-06","Активен","4806","3,12","2023","75,83","68,67","Средняя","2024-10-01"
"615","Nom_615","Prenom_615","Manager","9","Juridique","2021-02-07","","Активен","2425","5,48","2021","71,5","75","Средняя","2024-10-01"
"616","Nom_616","Prenom_616","RH","3","Informatique","2021-10-12","","Активен","3564","4,8","2021","80,83","90","Высокая","2024-10-01"
"617","Nom_617","Prenom_617","Developpeur","3","Informatique","2022-09-10","","Активен","1690","3,89","2022","72,08","72,67","Средняя","2024-10-01"
"618","Nom_618","Prenom_618","Manager","2","Finance","2020-05-30","","Активен","1531","6,17","2020","78,25","82,33","Высокая","2024-10-01"
"619","Nom_619","Prenom_619","Manager","8","Opérations","2021-11-05","","Активен","4761","4,74","2021","76,08","82,67","Высокая","2024-10-01"
"620","Nom_620","Prenom_620","Finance","10","Direction Générale","2021-03-02","","Активен","3304","5,42","2021","71,17","78,67","Средняя","2024-10-01"
"621","Nom_621","Prenom_621","Finance","1","Ressources Humaines","2019-12-02","","Активен","1414","6,66","2019","75,5","75,33","Средняя","2024-10-01"
"622","Nom_622","Prenom_622","Analyste","8","Opérations","2023-11-18","","Активен","4606","2,7","2023","79,5","86","Высокая","2024-10-01"
"624","Nom_624","Prenom_624","Analyste","7","Service Client","2020-05-11","","Активен","2387","6,22","2020","74,67","75,33","Средняя","2024-10-01"
"625","Nom_625","Prenom_625","Finance","3","Informatique","2021-06-14","","Активен","2411","5,13","2021","70,17","79,33","Средняя","2024-10-01"
"626","Nom_626","Prenom_626","Developpeur","1","Ressources Humaines","2019-06-09","","Активен","1696","7,15","2019","66,67","69,33","Средняя","2024-10-01"
"627","Nom_627","Prenom_627","Finance","4","Data & Analytics","2023-02-07","","Активен","1077","3,48","2023","79","86","Высокая","2024-10-01"
"628","Nom_628","Prenom_628","RH","9","Juridique","2021-05-01","","Активен","2436","5,25","2021","77,58","80","Высокая","2024-10-01"
"629","Nom_629","Prenom_629","Finance","5","Marketing","2023-08-15","2028-08-29","Активен","2958","2,96","2023","78,83","71","Средняя","2024-10-01"
"630","Nom_630","Prenom_630","RH","1","Ressources Humaines","2020-11-20","","Активен","3232","5,69","2020","71,08","71,67","Средняя","2024-10-01"
"631","Nom_631","Prenom_631","RH","5","Marketing","2023-08-26","","Активен","4704","2,93","2023","70,83","62","Средняя","2024-10-01"
"632","Nom_632","Prenom_632","RH","8","Opérations","2020-01-15","","Активен","4062","6,54","2020","70","72,33","Средняя","2024-10-01"
"633","Nom_633","Prenom_633","RH","8","Opérations","2023-04-18","","Активен","2249","3,29","2023","71,75","79,67","Средняя","2024-10-01"
"634","Nom_634","Prenom_634","RH","5","Marketing","2021-08-14","","Активен","2032","4,96","2021","75,92","78,67","Средняя","2024-10-01"
"635","Nom_635","Prenom_635","Developpeur","9","Juridique","2020-11-21","","Активен","4917","5,69","2020","68,58","61","Средняя","2024-10-01"
"636","Nom_636","Prenom_636","Analyste","1","Ressources Humaines","2022-12-21","","Активен","1477","3,61","2022","80,17","93,67","Высокая","2024-10-01"
"637","Nom_637","Prenom_637","Manager","4","Data & Analytics","2023-06-25","","Активен","3458","3,1","2023","80,17","86,33","Высокая","2024-10-01"
"639","Nom_639","Prenom_639","RH","2","Finance","2023-05-20","","Активен","4558","3,2","2023","71","79","Средняя","2024-10-01"
"640","Nom_640","Prenom_640","Developpeur","8","Opérations","2022-12-11","","Активен","2837","3,64","2022","75,92","89,67","Высокая","2024-10-01"
"641","Nom_641","Prenom_641","Finance","7","Service Client","2022-04-06","","Активен","3449","4,32","2022","73,08","65,67","Средняя","2024-10-01"
"642","Nom_642","Prenom_642","Developpeur","9","Juridique","2021-12-02","","Активен","1456","4,66","2021","75","70","Средняя","2024-10-01"
"643","Nom_643","Prenom_643","RH","2","Finance","2023-04-29","","Активен","965","3,26","2023","70,5","82,33","Высокая","2024-10-01"
"644","Nom_644","Prenom_644","Developpeur","4","Data & Analytics","2019-10-12","","Активен","1389","6,8","2019","71,83","76","Средняя","2024-10-01"
"645","Nom_645","Prenom_645","Developpeur","6","Ventes","2020-02-01","","Активен","3621","6,5","2020","75,92","72","Средняя","2024-10-01"
"646","Nom_646","Prenom_646","RH","3","Informatique","2019-01-12","","Активен","2062","7,55","2019","78,08","76","Средняя","2024-10-01"
"647","Nom_647","Prenom_647","Developpeur","8","Opérations","2023-06-19","","Активен","871","3,12","2023","67","73,67","Средняя","2024-10-01"
"648","Nom_648","Prenom_648","Manager","3","Informatique","2022-08-18","","Активен","4316","3,95","2022","74,33","72","Средняя","2024-10-01"
"649","Nom_649","Prenom_649","Manager","2","Finance","2022-06-30","","Активен","4380","4,09","2022","70,42","57,33","Низкая","2024-10-01"
"650","Nom_650","Prenom_650","Developpeur","3","Informatique","2020-05-13","","Активен","1068","6,22","2020","79,75","89","Высокая","2024-10-01"
"651","Nom_651","Prenom_651","Finance","6","Ventes","2021-01-23","","Активен","2576","5,52","2021","69,67","67,67","Средняя","2024-10-01"
"652","Nom_652","Prenom_652","RH","2","Finance","2019-02-04","","Активен","3262","7,49","2019","72,17","62,33","Средняя","2024-10-01"
"653","Nom_653","Prenom_653","Manager","8","Opérations","2020-12-27","","Активен","2068","5,59","2020","73,75","76,67","Средняя","2024-10-01"
"654","Nom_654","Prenom_654","Finance","1","Ressources Humaines","2021-04-28","","Активен","1815","5,26","2021","75,08","70,33","Средняя","2024-10-01"
"655","Nom_655","Prenom_655","Developpeur","7","Service Client","2019-03-31","","Активен","3522","7,34","2019","68,42","76,33","Средняя","2024-10-01"
"656","Nom_656","Prenom_656","Finance","2","Finance","2021-02-14","","Активен","1883","5,46","2021","76,17","72,67","Средняя","2024-10-01"
"657","Nom_657","Prenom_657","Analyste","10","Direction Générale","2020-08-27","","Активен","4901","5,93","2020","72,58","76,33","Средняя","2024-10-01"
"658","Nom_658","Prenom_658","Manager","6","Ventes","2021-08-27","","Активен","1206","4,93","2021","75,92","77,67","Средняя","2024-10-01"
"659","Nom_659","Prenom_659","Developpeur","2","Finance","2023-06-14","","Активен","3876","3,13","2023","70,75","69","Средняя","2024-10-01"
"660","Nom_660","Prenom_660","RH","2","Finance","2021-10-18","","Активен","1785","4,79","2021","73,83","79,67","Средняя","2024-10-01"
"661","Nom_661","Prenom_661","Developpeur","10","Direction Générale","2020-02-22","","Активен","4403","6,44","2020","79","85","Высокая","2024-10-01"
"663","Nom_663","Prenom_663","Developpeur","2","Finance","2020-09-08","","Активен","3418","5,89","2020","71,58","70,67","Средняя","2024-10-01"
"664","Nom_664","Prenom_664","Finance","7","Service Client","2022-05-04","","Активен","2211","4,24","2022","67,92","64,67","Средняя","2024-10-01"
"665","Nom_665","Prenom_665","Finance","3","Informatique","2021-04-05","","Активен","2285","5,32","2021","71,58","67","Средняя","2024-10-01"
"666","Nom_666","Prenom_666","Finance","8","Opérations","2023-03-05","","Активен","3750","3,41","2023","76,58","82,67","Высокая","2024-10-01"
"667","Nom_667","Prenom_667","Analyste","7","Service Client","2023-07-08","","Активен","3734","3,07","2023","74,75","62,67","Средняя","2024-10-01"
"668","Nom_668","Prenom_668","RH","8","Opérations","2023-02-25","","Активен","4914","3,43","2023","74,25","74","Средняя","2024-10-01"
"670","Nom_670","Prenom_670","Analyste","6","Ventes","2020-02-17","","Активен","3266","6,45","2020","72","71","Средняя","2024-10-01"
"671","Nom_671","Prenom_671","RH","7","Service Client","2022-10-31","","Активен","3266","3,75","2022","75","84,67","Высокая","2024-10-01"
"674","Nom_674","Prenom_674","Manager","1","Ressources Humaines","2022-07-24","","Активен","2435","4,02","2022","82","78,67","Средняя","2024-10-01"
"676","Nom_676","Prenom_676","Analyste","9","Juridique","2021-01-30","","Активен","2891","5,5","2021","77,25","74,33","Средняя","2024-10-01"
"678","Nom_678","Prenom_678","Developpeur","5","Marketing","2022-11-18","","Активен","4198","3,7","2022","74,33","83,33","Высокая","2024-10-01"
"679","Nom_679","Prenom_679","Manager","3","Informatique","2020-04-01","","Активен","1873","6,33","2020","74,58","88","Высокая","2024-10-01"
"680","Nom_680","Prenom_680","Finance","5","Marketing","2021-07-08","","Активен","3202","5,07","2021","72,42","71,33","Средняя","2024-10-01"
"681","Nom_681","Prenom_681","Finance","3","Informatique","2019-07-11","","Активен","4012","7,06","2019","79,25","62,67","Средняя","2024-10-01"
"682","Nom_682","Prenom_682","Analyste","9","Juridique","2021-01-08","","Активен","4837","5,56","2021","71,08","73,33","Средняя","2024-10-01"
"683","Nom_683","Prenom_683","RH","9","Juridique","2023-09-09","","Активен","1951","2,89","2023","74,83","76,67","Средняя","2024-10-01"
"684","Nom_684","Prenom_684","RH","6","Ventes","2022-01-27","","Активен","3245","4,51","2022","71,75","64,67","Средняя","2024-10-01"
"685","Nom_685","Prenom_685","Finance","1","Ressources Humaines","2023-04-21","","Активен","2756","3,28","2023","84,5","68","Средняя","2024-10-01"
"686","Nom_686","Prenom_686","Manager","7","Service Client","2021-09-04","","Активен","4707","4,91","2021","73,58","80,67","Высокая","2024-10-01"
"687","Nom_687","Prenom_687","Developpeur","7","Service Client","2021-10-05","","Активен","1607","4,82","2021","74,08","65","Средняя","2024-10-01"
"688","Nom_688","Prenom_688","Manager","10","Direction Générale","2019-04-06","","Активен","986","7,32","2019","70,33","60","Средняя","2024-10-01"
"689","Nom_689","Prenom_689","Developpeur","10","Direction Générale","2023-08-15","","Активен","2107","2,96","2023","64,25","57,67","Низкая","2024-10-01"
"691","Nom_691","Prenom_691","Developpeur","8","Opérations","2022-04-28","","Активен","1557","4,26","2022","75,83","83,33","Высокая","2024-10-01"
"693","Nom_693","Prenom_693","Analyste","4","Data & Analytics","2019-02-06","","Активен","3006","7,48","2019","80,25","81,33","Высокая","2024-10-01"
"694","Nom_694","Prenom_694","Analyste","4","Data & Analytics","2023-12-09","","Активен","4358","2,64","2023","77,42","77,67","Средняя","2024-10-01"
"695","Nom_695","Prenom_695","Finance","2","Finance","2022-10-24","","Активен","2380","3,77","2022","77","67,33","Средняя","2024-10-01"
"696","Nom_696","Prenom_696","RH","2","Finance","2023-09-15","2026-09-03","Активен","1761","2,88","2023","72,08","73,67","Средняя","2024-10-01"
"697","Nom_697","Prenom_697","Manager","4","Data & Analytics","2023-03-29","","Активен","4647","3,34","2023","69,58","63","Средняя","2024-10-01"
"698","Nom_698","Prenom_698","RH","5","Marketing","2019-10-06","","Активен","4375","6,82","2019","67","66,67","Средняя","2024-10-01"
"699","Nom_699","Prenom_699","Analyste","8","Opérations","2019-08-05","","Активен","1675","6,99","2019","81,5","87","Высокая","2024-10-01"
"700","Nom_700","Prenom_700","Analyste","6","Ventes","2021-05-16","","Активен","3218","5,21","2021","74,58","61,67","Средняя","2024-10-01"
"701","Nom_701","Prenom_701","RH","4","Data & Analytics","2021-05-22","","Активен","4998","5,19","2021","76,58","72,33","Средняя","2024-10-01"
"702","Nom_702","Prenom_702","RH","7","Service Client","2023-12-27","","Активен","1801","2,6","2023","78,83","79","Средняя","2024-10-01"
"703","Nom_703","Prenom_703","Analyste","8","Opérations","2022-07-20","","Активен","4184","4,03","2022","73,42","60,67","Средняя","2024-10-01"
"704","Nom_704","Prenom_704","Manager","2","Finance","2019-03-03","","Активен","4866","7,41","2019","72","59,67","Низкая","2024-10-01"
"705","Nom_705","Prenom_705","Finance","7","Service Client","2020-08-18","","Активен","3645","5,95","2020","68,25","68,67","Средняя","2024-10-01"
"706","Nom_706","Prenom_706","Finance","2","Finance","2020-12-29","","Активен","2281","5,59","2020","67,5","61,33","Средняя","2024-10-01"
"708","Nom_708","Prenom_708","Finance","8","Opérations","2020-02-01","","Активен","1457","6,5","2020","77,58","80,67","Высокая","2024-10-01"
"709","Nom_709","Prenom_709","Analyste","2","Finance","2020-11-29","","Активен","3580","5,67","2020","74,58","86","Высокая","2024-10-01"
"710","Nom_710","Prenom_710","Analyste","9","Juridique","2021-11-08","","Активен","1222","4,73","2021","72,58","65","Средняя","2024-10-01"
"712","Nom_712","Prenom_712","RH","9","Juridique","2023-06-24","","Активен","3510","3,1","2023","73,75","76,67","Средняя","2024-10-01"
"714","Nom_714","Prenom_714","Manager","10","Direction Générale","2020-03-20","","Активен","3197","6,37","2020","78,42","82","Высокая","2024-10-01"
"715","Nom_715","Prenom_715","Finance","10","Direction Générale","2022-06-10","","Активен","2775","4,14","2022","69,17","70,67","Средняя","2024-10-01"
"716","Nom_716","Prenom_716","RH","2","Finance","2019-03-17","","Активен","2457","7,38","2019","80","68","Средняя","2024-10-01"
"717","Nom_717","Prenom_717","Developpeur","6","Ventes","2019-09-22","","Активен","3341","6,86","2019","78,25","89","Высокая","2024-10-01"
"718","Nom_718","Prenom_718","Developpeur","6","Ventes","2020-03-30","","Активен","3875","6,34","2020","77,42","81,67","Высокая","2024-10-01"
"719","Nom_719","Prenom_719","Analyste","1","Ressources Humaines","2023-12-25","","Активен","3964","2,6","2023","72,42","74,33","Средняя","2024-10-01"
"720","Nom_720","Prenom_720","Finance","7","Service Client","2020-12-18","","Активен","3766","5,62","2020","78,67","63","Средняя","2024-10-01"
"722","Nom_722","Prenom_722","Developpeur","2","Finance","2022-11-08","","Активен","1087","3,73","2022","75,17","79","Средняя","2024-10-01"
"723","Nom_723","Prenom_723","Finance","8","Opérations","2023-05-07","","Активен","4017","3,24","2023","74,75","79,33","Средняя","2024-10-01"
"724","Nom_724","Prenom_724","Analyste","9","Juridique","2021-04-30","","Активен","4654","5,25","2021","82,25","84,67","Высокая","2024-10-01"
"725","Nom_725","Prenom_725","Manager","6","Ventes","2023-03-10","","Активен","2247","3,39","2023","68,92","67,33","Средняя","2024-10-01"
"726","Nom_726","Prenom_726","Finance","5","Marketing","2022-10-22","","Активен","1407","3,78","2022","75","74,67","Средняя","2024-10-01"
"727","Nom_727","Prenom_727","Finance","9","Juridique","2019-05-24","","Активен","2564","7,19","2019","76,33","69,33","Средняя","2024-10-01"
"728","Nom_728","Prenom_728","Manager","9","Juridique","2021-06-03","","Активен","2025","5,16","2021","77,25","68,33","Средняя","2024-10-01"
"729","Nom_729","Prenom_729","Finance","1","Ressources Humaines","2021-12-28","","Активен","2035","4,59","2021","78,33","70,33","Средняя","2024-10-01"
"730","Nom_730","Prenom_730","Analyste","3","Informatique","2022-01-27","","Активен","1829","4,51","2022","77,42","59","Низкая","2024-10-01"
"731","Nom_731","Prenom_731","Analyste","9","Juridique","2020-01-31","","Активен","3471","6,5","2020","74,67","76,67","Средняя","2024-10-01"
"732","Nom_732","Prenom_732","Manager","2","Finance","2021-11-14","","Активен","4762","4,71","2021","74,17","67,33","Средняя","2024-10-01"
"733","Nom_733","Prenom_733","RH","4","Data & Analytics","2021-08-05","","Активен","3977","4,99","2021","68,67","66,67","Средняя","2024-10-01"
"734","Nom_734","Prenom_734","Developpeur","4","Data & Analytics","2021-06-09","","Активен","4522","5,14","2021","73,75","62,67","Средняя","2024-10-01"
"735","Nom_735","Prenom_735","RH","2","Finance","2023-02-01","","Активен","2275","3,5","2023","72","75","Средняя","2024-10-01"
"737","Nom_737","Prenom_737","Developpeur","3","Informatique","2023-05-08","","Активен","1608","3,23","2023","74,08","64,67","Средняя","2024-10-01"
"738","Nom_738","Prenom_738","Manager","1","Ressources Humaines","2022-03-20","","Активен","1778","4,37","2022","68,5","69","Средняя","2024-10-01"
"739","Nom_739","Prenom_739","Manager","6","Ventes","2022-03-13","2026-12-17","Активен","3263","4,39","2022","72,67","78,33","Средняя","2024-10-01"
"740","Nom_740","Prenom_740","Developpeur","8","Opérations","2020-07-22","","Активен","1525","6,03","2020","73,83","85,67","Высокая","2024-10-01"
"741","Nom_741","Prenom_741","Analyste","3","Informatique","2021-11-28","","Активен","3301","4,67","2021","68,92","59","Низкая","2024-10-01"
"743","Nom_743","Prenom_743","Finance","1","Ressources Humaines","2023-09-13","2027-05-19","Активен","2016","2,88","2023","76,17","78","Средняя","2024-10-01"
"744","Nom_744","Prenom_744","Analyste","10","Direction Générale","2021-12-01","","Активен","4851","4,67","2021","81,58","82,33","Высокая","2024-10-01"
"746","Nom_746","Prenom_746","Developpeur","10","Direction Générale","2021-07-23","","Активен","3606","5,02","2021","67,25","67,67","Средняя","2024-10-01"
"747","Nom_747","Prenom_747","RH","1","Ressources Humaines","2020-02-02","","Активен","1578","6,49","2020","82,5","79,67","Средняя","2024-10-01"
"748","Nom_748","Prenom_748","RH","9","Juridique","2022-05-31","","Активен","1772","4,17","2022","78,92","83,67","Высокая","2024-10-01"
"749","Nom_749","Prenom_749","Finance","8","Opérations","2020-09-25","","Активен","3610","5,85","2020","65,75","73,33","Средняя","2024-10-01"
"750","Nom_750","Prenom_750","RH","7","Service Client","2022-03-02","","Активен","2923","4,42","2022","76,5","69","Средняя","2024-10-01"
"751","Nom_751","Prenom_751","Developpeur","10","Direction Générale","2022-04-01","","Активен","1398","4,33","2022","71,5","73,33","Средняя","2024-10-01"
"752","Nom_752","Prenom_752","Developpeur","7","Service Client","2022-05-23","","Активен","4141","4,19","2022","70","69,67","Средняя","2024-10-01"
"753","Nom_753","Prenom_753","RH","5","Marketing","2021-01-02","","Активен","1024","5,58","2021","72,92","76,33","Средняя","2024-10-01"
"754","Nom_754","Prenom_754","Developpeur","5","Marketing","2019-08-23","","Активен","1640","6,94","2019","75,25","86,33","Высокая","2024-10-01"
"755","Nom_755","Prenom_755","Finance","5","Marketing","2020-10-19","","Активен","2614","5,78","2020","66,42","53,33","Низкая","2024-10-01"
"756","Nom_756","Prenom_756","Analyste","1","Ressources Humaines","2021-01-20","","Активен","1906","5,53","2021","78,25","63,33","Средняя","2024-10-01"
"757","Nom_757","Prenom_757","Finance","8","Opérations","2020-08-10","","Активен","924","5,97","2020","72","86","Высокая","2024-10-01"
"758","Nom_758","Prenom_758","Finance","1","Ressources Humaines","2021-10-29","","Активен","4046","4,76","2021","83,75","80","Высокая","2024-10-01"
"759","Nom_759","Prenom_759","Developpeur","4","Data & Analytics","2022-01-02","","Активен","3731","4,58","2022","73,92","87,67","Высокая","2024-10-01"
"760","Nom_760","Prenom_760","Analyste","9","Juridique","2021-08-11","","Активен","4925","4,97","2021","79,08","83,67","Высокая","2024-10-01"
"761","Nom_761","Prenom_761","Developpeur","9","Juridique","2020-05-06","","Активен","3771","6,24","2020","77,42","71","Средняя","2024-10-01"
"762","Nom_762","Prenom_762","Manager","5","Marketing","2021-07-01","","Активен","2817","5,08","2021","74,83","79","Средняя","2024-10-01"
"763","Nom_763","Prenom_763","Developpeur","4","Data & Analytics","2022-06-30","","Активен","3215","4,09","2022","87,25","81,33","Высокая","2024-10-01"
"764","Nom_764","Prenom_764","Developpeur","3","Informatique","2022-06-07","","Активен","3896","4,15","2022","76,25","73,33","Средняя","2024-10-01"
"765","Nom_765","Prenom_765","Developpeur","3","Informatique","2023-03-23","","Активен","2409","3,36","2023","75,33","77,33","Средняя","2024-10-01"
"766","Nom_766","Prenom_766","Analyste","5","Marketing","2022-04-12","","Активен","1517","4,3","2022","74,42","80,33","Высокая","2024-10-01"
"767","Nom_767","Prenom_767","Developpeur","10","Direction Générale","2023-08-04","2027-09-15","Активен","4361","2,99","2023","73,58","74","Средняя","2024-10-01"
"768","Nom_768","Prenom_768","Analyste","1","Ressources Humaines","2022-04-06","","Активен","1816","4,32","2022","72,25","67,33","Средняя","2024-10-01"
"769","Nom_769","Prenom_769","RH","5","Marketing","2019-06-19","","Активен","4365","7,12","2019","75,42","73,33","Средняя","2024-10-01"
"770","Nom_770","Prenom_770","Manager","6","Ventes","2022-11-17","","Активен","2760","3,7","2022","64,92","56,33","Низкая","2024-10-01"
"771","Nom_771","Prenom_771","Analyste","7","Service Client","2021-08-03","","Активен","1848","4,99","2021","71,83","64,33","Средняя","2024-10-01"
"772","Nom_772","Prenom_772","RH","9","Juridique","2021-03-05","","Активен","2157","5,41","2021","74,42","69","Средняя","2024-10-01"
"773","Nom_773","Prenom_773","Analyste","3","Informatique","2020-09-25","","Активен","4226","5,85","2020","72,58","73,67","Средняя","2024-10-01"
"774","Nom_774","Prenom_774","Analyste","2","Finance","2022-05-02","","Активен","915","4,25","2022","74","60,67","Средняя","2024-10-01"
"775","Nom_775","Prenom_775","Manager","3","Informatique","2023-03-21","","Активен","2895","3,36","2023","84,42","86","Высокая","2024-10-01"
"776","Nom_776","Prenom_776","Finance","9","Juridique","2019-01-29","","Активен","2601","7,5","2019","87,33","91","Высокая","2024-10-01"
"777","Nom_777","Prenom_777","Finance","7","Service Client","2022-04-03","","Активен","2946","4,33","2022","75,17","86,33","Высокая","2024-10-01"
"778","Nom_778","Prenom_778","Analyste","9","Juridique","2022-12-16","","Активен","2420","3,62","2022","78,58","80","Высокая","2024-10-01"
"780","Nom_780","Prenom_780","RH","5","Marketing","2023-07-30","","Активен","4592","3,01","2023","73,83","72,33","Средняя","2024-10-01"
"781","Nom_781","Prenom_781","Developpeur","4","Data & Analytics","2023-02-28","","Активен","3741","3,42","2023","80,25","87","Высокая","2024-10-01"
"783","Nom_783","Prenom_783","Analyste","9","Juridique","2022-09-27","","Активен","3866","3,84","2022","71,42","79,67","Средняя","2024-10-01"
"784","Nom_784","Prenom_784","Analyste","9","Juridique","2020-05-14","","Активен","1583","6,21","2020","81,92","81,67","Высокая","2024-10-01"
"786","Nom_786","Prenom_786","Analyste","6","Ventes","2020-05-25","","Активен","2353","6,18","2020","76","77","Средняя","2024-10-01"
"787","Nom_787","Prenom_787","Finance","8","Opérations","2022-09-12","","Активен","1812","3,89","2022","74,25","83,67","Высокая","2024-10-01"
"788","Nom_788","Prenom_788","Analyste","6","Ventes","2019-08-05","","Активен","986","6,99","2019","73,08","78,33","Средняя","2024-10-01"
"789","Nom_789","Prenom_789","Finance","1","Ressources Humaines","2022-08-17","","Активен","2681","3,96","2022","73,08","76,33","Средняя","2024-10-01"
"790","Nom_790","Prenom_790","Finance","4","Data & Analytics","2022-03-01","","Активен","1230","4,42","2022","78,83","74,33","Средняя","2024-10-01"
"791","Nom_791","Prenom_791","Analyste","7","Service Client","2021-12-29","","Активен","1038","4,59","2021","67,42","73,33","Средняя","2024-10-01"
"792","Nom_792","Prenom_792","Manager","2","Finance","2022-06-29","","Активен","3145","4,09","2022","67,75","72,33","Средняя","2024-10-01"
"793","Nom_793","Prenom_793","RH","9","Juridique","2022-12-09","","Активен","875","3,64","2022","77,25","76,33","Средняя","2024-10-01"
"794","Nom_794","Prenom_794","Developpeur","8","Opérations","2023-12-16","","Активен","2156","2,63","2023","76,83","60,67","Средняя","2024-10-01"
"795","Nom_795","Prenom_795","Finance","8","Opérations","2020-03-20","","Активен","3130","6,37","2020","70,92","73,33","Средняя","2024-10-01"
"796","Nom_796","Prenom_796","RH","7","Service Client","2021-05-25","","Активен","2702","5,19","2021","71,08","61,33","Средняя","2024-10-01"
"797","Nom_797","Prenom_797","Manager","4","Data & Analytics","2022-04-20","","Активен","4813","4,28","2022","80,67","88,67","Высокая","2024-10-01"
"798","Nom_798","Prenom_798","Developpeur","2","Finance","2019-06-16","","Активен","2859","7,13","2019","81,58","78,33","Средняя","2024-10-01"
"799","Nom_799","Prenom_799","Developpeur","3","Informatique","2019-04-01","","Активен","940","7,33","2019","76,58","73,33","Средняя","2024-10-01"
"800","Nom_800","Prenom_800","Finance","6","Ventes","2020-12-14","","Активен","2589","5,63","2020","74,42","68,33","Средняя","2024-10-01"
"801","Nom_801","Prenom_801","Analyste","5","Marketing","2023-04-04","","Активен","4426","3,33","2023","82,17","81,67","Высокая","2024-10-01"
"802","Nom_802","Prenom_802","Manager","8","Opérations","2019-02-08","","Активен","816","7,48","2019","78","73,67","Средняя","2024-10-01"
"803","Nom_803","Prenom_803","Finance","6","Ventes","2022-02-23","","Активен","1264","4,44","2022","71","88","Высокая","2024-10-01"
"804","Nom_804","Prenom_804","Manager","6","Ventes","2023-01-14","","Активен","2627","3,55","2023","71","62,33","Средняя","2024-10-01"
"805","Nom_805","Prenom_805","Analyste","1","Ressources Humaines","2019-06-22","","Активен","3828","7,11","2019","73,5","71,67","Средняя","2024-10-01"
"806","Nom_806","Prenom_806","Analyste","4","Data & Analytics","2020-10-14","","Активен","1319","5,8","2020","67,83","67,67","Средняя","2024-10-01"
"808","Nom_808","Prenom_808","Analyste","3","Informatique","2022-05-28","","Активен","3651","4,18","2022","70,42","60,67","Средняя","2024-10-01"
"809","Nom_809","Prenom_809","RH","9","Juridique","2023-07-20","","Активен","3643","3,03","2023","72","84,33","Высокая","2024-10-01"
"810","Nom_810","Prenom_810","Developpeur","1","Ressources Humaines","2021-12-17","","Активен","2684","4,62","2021","73,17","76,33","Средняя","2024-10-01"
"811","Nom_811","Prenom_811","Finance","6","Ventes","2023-08-11","","Активен","4971","2,97","2023","74,83","76,67","Средняя","2024-10-01"
"812","Nom_812","Prenom_812","Manager","6","Ventes","2020-04-20","","Активен","1725","6,28","2020","71,67","67","Средняя","2024-10-01"
"813","Nom_813","Prenom_813","RH","10","Direction Générale","2020-03-31","","Активен","4534","6,34","2020","73,58","69","Средняя","2024-10-01"
"814","Nom_814","Prenom_814","Finance","5","Marketing","2021-04-08","","Активен","1769","5,31","2021","83,67","73,33","Средняя","2024-10-01"
"815","Nom_815","Prenom_815","Analyste","5","Marketing","2021-06-13","","Активен","1894","5,13","2021","72,25","67,67","Средняя","2024-10-01"
"816","Nom_816","Prenom_816","Analyste","10","Direction Générale","2022-10-16","","Активен","3995","3,79","2022","77,58","76,67","Средняя","2024-10-01"
"817","Nom_817","Prenom_817","Analyste","5","Marketing","2021-10-21","","Активен","2204","4,78","2021","68,42","78","Средняя","2024-10-01"
"818","Nom_818","Prenom_818","Analyste","6","Ventes","2020-01-22","","Активен","4164","6,52","2020","75,75","77,33","Средняя","2024-10-01"
"819","Nom_819","Prenom_819","Manager","8","Opérations","2019-12-14","","Активен","4782","6,63","2019","78,25","88,67","Высокая","2024-10-01"
"820","Nom_820","Prenom_820","RH","2","Finance","2019-07-09","","Активен","4813","7,06","2019","70,33","62,67","Средняя","2024-10-01"
"821","Nom_821","Prenom_821","Developpeur","6","Ventes","2020-05-19","","Активен","3892","6,2","2020","68,92","64","Средняя","2024-10-01"
"822","Nom_822","Prenom_822","Manager","1","Ressources Humaines","2022-04-29","","Активен","4959","4,26","2022","67,33","69","Средняя","2024-10-01"
"823","Nom_823","Prenom_823","Manager","4","Data & Analytics","2023-03-12","","Активен","2874","3,39","2023","71,25","76","Средняя","2024-10-01"
"824","Nom_824","Prenom_824","Developpeur","10","Direction Générale","2022-10-24","","Активен","1084","3,77","2022","78,92","88,33","Высокая","2024-10-01"
"825","Nom_825","Prenom_825","Developpeur","3","Informatique","2022-12-03","","Активен","1987","3,66","2022","74,92","76,67","Средняя","2024-10-01"
"826","Nom_826","Prenom_826","Analyste","9","Juridique","2021-04-03","","Активен","4769","5,33","2021","75,5","84,67","Высокая","2024-10-01"
"827","Nom_827","Prenom_827","Manager","3","Informatique","2021-07-17","2026-08-05","Активен","3765","5,04","2021","73,67","83,67","Высокая","2024-10-01"
"829","Nom_829","Prenom_829","Developpeur","1","Ressources Humaines","2022-02-14","","Активен","1749","4,46","2022","70,67","74,67","Средняя","2024-10-01"
"830","Nom_830","Prenom_830","Developpeur","6","Ventes","2019-05-14","","Активен","4739","7,22","2019","69,92","66,67","Средняя","2024-10-01"
"831","Nom_831","Prenom_831","RH","4","Data & Analytics","2019-02-27","","Активен","844","7,43","2019","72,5","71,33","Средняя","2024-10-01"
"832","Nom_832","Prenom_832","Finance","8","Opérations","2023-04-29","","Активен","2610","3,26","2023","76,67","83,33","Высокая","2024-10-01"
"833","Nom_833","Prenom_833","Finance","9","Juridique","2020-11-15","","Активен","2881","5,71","2020","78,75","76,33","Средняя","2024-10-01"
"835","Nom_835","Prenom_835","Analyste","10","Direction Générale","2019-06-22","","Активен","1629","7,11","2019","70,58","60,33","Средняя","2024-10-01"
"836","Nom_836","Prenom_836","RH","10","Direction Générale","2021-03-25","","Активен","2709","5,35","2021","69,17","60","Средняя","2024-10-01"
"837","Nom_837","Prenom_837","Finance","6","Ventes","2022-03-18","","Активен","3381","4,37","2022","74,83","74,67","Средняя","2024-10-01"
"838","Nom_838","Prenom_838","Developpeur","1","Ressources Humaines","2019-03-21","","Активен","1491","7,36","2019","74,75","86","Высокая","2024-10-01"
"839","Nom_839","Prenom_839","Finance","4","Data & Analytics","2021-06-04","","Активен","4819","5,16","2021","71,58","75,67","Средняя","2024-10-01"
"840","Nom_840","Prenom_840","RH","7","Service Client","2022-05-21","","Активен","1731","4,2","2022","75,92","74","Средняя","2024-10-01"
"841","Nom_841","Prenom_841","RH","1","Ressources Humaines","2019-07-22","","Активен","4206","7,03","2019","80,75","72,33","Средняя","2024-10-01"
"842","Nom_842","Prenom_842","Manager","8","Opérations","2021-02-02","","Активен","947","5,49","2021","73,67","65","Средняя","2024-10-01"
"843","Nom_843","Prenom_843","Developpeur","10","Direction Générale","2022-06-06","","Активен","1832","4,15","2022","69,08","62","Средняя","2024-10-01"
"844","Nom_844","Prenom_844","RH","6","Ventes","2023-08-27","","Активен","2111","2,93","2023","83,58","73","Средняя","2024-10-01"
"846","Nom_846","Prenom_846","Manager","10","Direction Générale","2023-08-10","","Активен","3921","2,98","2023","68,25","70,67","Средняя","2024-10-01"
"847","Nom_847","Prenom_847","Finance","9","Juridique","2023-04-05","","Активен","2673","3,32","2023","74,5","66,33","Средняя","2024-10-01"
"848","Nom_848","Prenom_848","Finance","2","Finance","2023-01-04","","Активен","4388","3,57","2023","76,5","87,67","Высокая","2024-10-01"
"849","Nom_849","Prenom_849","Manager","5","Marketing","2022-11-26","","Активен","1715","3,68","2022","65,83","68,67","Средняя","2024-10-01"
"850","Nom_850","Prenom_850","Finance","6","Ventes","2019-02-16","","Активен","2678","7,46","2019","72,67","83,33","Высокая","2024-10-01"
"851","Nom_851","Prenom_851","RH","7","Service Client","2022-06-10","","Активен","4548","4,14","2022","74,83","87,67","Высокая","2024-10-01"
"852","Nom_852","Prenom_852","Analyste","5","Marketing","2022-08-21","","Активен","1077","3,95","2022","78,17","94,67","Высокая","2024-10-01"
"853","Nom_853","Prenom_853","RH","9","Juridique","2023-03-30","","Активен","2777","3,34","2023","74,25","60,33","Средняя","2024-10-01"
"854","Nom_854","Prenom_854","Manager","1","Ressources Humaines","2022-03-12","","Активен","2659","4,39","2022","82","85","Высокая","2024-10-01"
"855","Nom_855","Prenom_855","Manager","7","Service Client","2022-12-09","","Активен","3836","3,64","2022","77,42","65,33","Средняя","2024-10-01"
"856","Nom_856","Prenom_856","RH","10","Direction Générale","2023-03-17","","Активен","4171","3,38","2023","66,67","71,67","Средняя","2024-10-01"
"857","Nom_857","Prenom_857","Finance","7","Service Client","2022-10-28","","Активен","2982","3,76","2022","77,92","77","Средняя","2024-10-01"
"858","Nom_858","Prenom_858","Finance","4","Data & Analytics","2023-05-09","","Активен","1970","3,23","2023","69,42","76,33","Средняя","2024-10-01"
"859","Nom_859","Prenom_859","Manager","9","Juridique","2022-07-06","","Активен","1289","4,07","2022","79,5","80","Высокая","2024-10-01"
"860","Nom_860","Prenom_860","Developpeur","5","Marketing","2020-10-17","","Активен","3325","5,79","2020","76,17","65","Средняя","2024-10-01"
"862","Nom_862","Prenom_862","RH","7","Service Client","2021-08-28","","Активен","3288","4,93","2021","76,75","73,33","Средняя","2024-10-01"
"863","Nom_863","Prenom_863","Finance","4","Data & Analytics","2021-11-01","","Активен","2676","4,75","2021","67,92","59,67","Низкая","2024-10-01"
"864","Nom_864","Prenom_864","RH","3","Informatique","2022-09-15","","Активен","3262","3,88","2022","73,67","84","Высокая","2024-10-01"
"865","Nom_865","Prenom_865","Manager","9","Juridique","2021-01-05","","Активен","2430","5,57","2021","73,67","76,67","Средняя","2024-10-01"
"866","Nom_866","Prenom_866","Finance","8","Opérations","2021-02-22","","Активен","1087","5,44","2021","80,25","85,67","Высокая","2024-10-01"
"867","Nom_867","Prenom_867","RH","1","Ressources Humaines","2021-08-25","","Активен","2707","4,93","2021","72,75","73,33","Средняя","2024-10-01"
"868","Nom_868","Prenom_868","Manager","7","Service Client","2019-12-24","","Активен","1961","6,6","2019","69,25","61,67","Средняя","2024-10-01"
"869","Nom_869","Prenom_869","Developpeur","9","Juridique","2021-08-29","","Активен","929","4,92","2021","73,67","79","Средняя","2024-10-01"
"871","Nom_871","Prenom_871","Developpeur","8","Opérations","2020-10-29","","Активен","943","5,75","2020","77","65,67","Средняя","2024-10-01"
"873","Nom_873","Prenom_873","Analyste","4","Data & Analytics","2021-10-28","","Активен","1044","4,76","2021","81,25","77,67","Средняя","2024-10-01"
"874","Nom_874","Prenom_874","Finance","8","Opérations","2022-02-19","","Активен","1726","4,45","2022","81,42","92,67","Высокая","2024-10-01"
"875","Nom_875","Prenom_875","RH","3","Informatique","2022-10-03","","Активен","3978","3,83","2022","77,75","80","Высокая","2024-10-01"
"876","Nom_876","Prenom_876","Developpeur","9","Juridique","2020-11-06","","Активен","2976","5,73","2020","74,67","64","Средняя","2024-10-01"
"878","Nom_878","Prenom_878","Manager","2","Finance","2023-07-30","","Активен","1140","3,01","2023","67,75","75","Средняя","2024-10-01"
"879","Nom_879","Prenom_879","RH","7","Service Client","2020-11-28","","Активен","2851","5,67","2020","75,92","81,33","Высокая","2024-10-01"
"880","Nom_880","Prenom_880","Developpeur","10","Direction Générale","2022-09-01","","Активен","4198","3,92","2022","79,75","76,67","Средняя","2024-10-01"
"881","Nom_881","Prenom_881","Finance","4","Data & Analytics","2022-04-16","","Активен","4750","4,29","2022","77,17","79,33","Средняя","2024-10-01"
"882","Nom_882","Prenom_882","Analyste","10","Direction Générale","2020-06-23","","Активен","1105","6,11","2020","79","80","Высокая","2024-10-01"
"883","Nom_883","Prenom_883","Developpeur","8","Opérations","2021-01-01","","Активен","1707","5,58","2021","72,17","79,67","Средняя","2024-10-01"
"884","Nom_884","Prenom_884","Finance","9","Juridique","2021-05-18","","Активен","3454","5,2","2021","77,25","70,33","Средняя","2024-10-01"
"885","Nom_885","Prenom_885","Developpeur","7","Service Client","2019-02-10","","Активен","4592","7,47","2019","68,92","65,67","Средняя","2024-10-01"
"886","Nom_886","Prenom_886","RH","5","Marketing","2021-01-09","","Активен","4842","5,56","2021","73,42","77","Средняя","2024-10-01"
"887","Nom_887","Prenom_887","RH","8","Opérations","2023-09-24","","Активен","2171","2,85","2023","71,5","76","Средняя","2024-10-01"
"888","Nom_888","Prenom_888","RH","4","Data & Analytics","2020-05-16","","Активен","1120","6,21","2020","77,75","87,67","Высокая","2024-10-01"
"889","Nom_889","Prenom_889","Analyste","2","Finance","2021-08-16","","Активен","4859","4,96","2021","75,25","83","Высокая","2024-10-01"
"890","Nom_890","Prenom_890","RH","6","Ventes","2022-03-14","","Активен","1931","4,38","2022","72,25","89,67","Высокая","2024-10-01"
"891","Nom_891","Prenom_891","Finance","9","Juridique","2022-05-09","","Активен","3378","4,23","2022","81,5","76","Средняя","2024-10-01"
"892","Nom_892","Prenom_892","Developpeur","1","Ressources Humaines","2021-07-17","","Активен","4842","5,04","2021","72,75","78,67","Средняя","2024-10-01"
"893","Nom_893","Prenom_893","Manager","10","Direction Générale","2023-10-14","","Активен","4167","2,8","2023","75,92","68","Средняя","2024-10-01"
"894","Nom_894","Prenom_894","Finance","7","Service Client","2020-04-05","","Активен","1617","6,32","2020","68,58","64,33","Средняя","2024-10-01"
"895","Nom_895","Prenom_895","Finance","10","Direction Générale","2021-01-01","","Активен","811","5,58","2021","77","65","Средняя","2024-10-01"
"897","Nom_897","Prenom_897","Analyste","10","Direction Générale","2021-07-13","","Активен","3337","5,05","2021","74,33","74,67","Средняя","2024-10-01"
"899","Nom_899","Prenom_899","Analyste","10","Direction Générale","2023-05-01","","Активен","3029","3,25","2023","76,67","64,67","Средняя","2024-10-01"
"900","Nom_900","Prenom_900","Developpeur","3","Informatique","2023-04-20","","Активен","3809","3,28","2023","77,25","70,67","Средняя","2024-10-01"
"901","Nom_901","Prenom_901","Developpeur","5","Marketing","2022-06-30","","Активен","2877","4,09","2022","70,58","72,67","Средняя","2024-10-01"
"902","Nom_902","Prenom_902","Analyste","8","Opérations","2020-01-25","","Активен","4667","6,52","2020","73,42","71","Средняя","2024-10-01"
"903","Nom_903","Prenom_903","Finance","8","Opérations","2023-06-06","","Активен","1243","3,15","2023","72,25","59,67","Низкая","2024-10-01"
"905","Nom_905","Prenom_905","Analyste","1","Ressources Humaines","2019-09-13","","Активен","1644","6,88","2019","78,33","85","Высокая","2024-10-01"
"906","Nom_906","Prenom_906","Developpeur","1","Ressources Humaines","2020-12-09","","Активен","1815","5,64","2020","77,42","71,67","Средняя","2024-10-01"
"907","Nom_907","Prenom_907","Manager","4","Data & Analytics","2020-03-25","","Активен","2184","6,35","2020","70,83","56","Низкая","2024-10-01"
"908","Nom_908","Prenom_908","Finance","6","Ventes","2019-01-10","","Активен","2197","7,56","2019","70,17","66,67","Средняя","2024-10-01"
"909","Nom_909","Prenom_909","RH","8","Opérations","2021-04-03","","Активен","1353","5,33","2021","81,92","79,67","Средняя","2024-10-01"
"910","Nom_910","Prenom_910","Developpeur","6","Ventes","2021-03-08","","Активен","3150","5,4","2021","72,17","69","Средняя","2024-10-01"
"911","Nom_911","Prenom_911","Manager","9","Juridique","2022-06-19","2027-06-18","Активен","2069","4,12","2022","77,83","70,67","Средняя","2024-10-01"
"912","Nom_912","Prenom_912","RH","9","Juridique","2022-06-28","","Активен","2060","4,09","2022","79,42","72,67","Средняя","2024-10-01"
"913","Nom_913","Prenom_913","RH","2","Finance","2021-05-26","","Активен","984","5,18","2021","74,75","80,33","Высокая","2024-10-01"
"914","Nom_914","Prenom_914","Developpeur","10","Direction Générale","2021-10-25","","Активен","3210","4,77","2021","75,75","78,33","Средняя","2024-10-01"
"915","Nom_915","Prenom_915","Analyste","1","Ressources Humaines","2022-02-16","","Активен","3009","4,45","2022","71,33","80","Высокая","2024-10-01"
"916","Nom_916","Prenom_916","Developpeur","2","Finance","2021-10-12","","Активен","4472","4,8","2021","77,42","70","Средняя","2024-10-01"
"917","Nom_917","Prenom_917","Manager","5","Marketing","2023-12-30","","Активен","2681","2,59","2023","71,58","76,33","Средняя","2024-10-01"
"918","Nom_918","Prenom_918","RH","4","Data & Analytics","2020-01-09","","Активен","1321","6,56","2020","80,67","79","Средняя","2024-10-01"
"919","Nom_919","Prenom_919","Developpeur","4","Data & Analytics","2021-12-24","","Активен","2687","4,6","2021","73,92","61,67","Средняя","2024-10-01"
"920","Nom_920","Prenom_920","Analyste","9","Juridique","2019-05-26","","Активен","3352","7,18","2019","73,08","90,67","Высокая","2024-10-01"
"921","Nom_921","Prenom_921","Developpeur","8","Opérations","2019-08-12","","Активен","4609","6,97","2019","71","58","Низкая","2024-10-01"
"922","Nom_922","Prenom_922","Finance","6","Ventes","2022-06-16","","Активен","4955","4,13","2022","79,5","86,67","Высокая","2024-10-01"
"923","Nom_923","Prenom_923","Analyste","1","Ressources Humaines","2019-06-26","","Активен","4279","7,1","2019","75,75","83,67","Высокая","2024-10-01"
"924","Nom_924","Prenom_924","Manager","2","Finance","2023-12-08","","Активен","2209","2,65","2023","79,83","76,33","Средняя","2024-10-01"
"925","Nom_925","Prenom_925","RH","6","Ventes","2021-05-02","","Активен","2494","5,25","2021","68,25","72,67","Средняя","2024-10-01"
"926","Nom_926","Prenom_926","Developpeur","2","Finance","2022-07-29","","Активен","1326","4,01","2022","74,33","84,33","Высокая","2024-10-01"
"927","Nom_927","Prenom_927","Analyste","10","Direction Générale","2019-03-04","","Активен","3460","7,41","2019","68,75","71,33","Средняя","2024-10-01"
"928","Nom_928","Prenom_928","Finance","5","Marketing","2022-05-25","","Активен","2972","4,19","2022","69,33","71,33","Средняя","2024-10-01"
"929","Nom_929","Prenom_929","Analyste","5","Marketing","2021-04-06","","Активен","1079","5,32","2021","75,58","77,33","Средняя","2024-10-01"
"930","Nom_930","Prenom_930","Finance","6","Ventes","2021-03-05","","Активен","3764","5,41","2021","75,58","73,67","Средняя","2024-10-01"
"931","Nom_931","Prenom_931","Manager","6","Ventes","2020-11-19","","Активен","4777","5,7","2020","81,33","78","Средняя","2024-10-01"
"932","Nom_932","Prenom_932","RH","6","Ventes","2023-01-24","","Активен","3469","3,52","2023","82,83","80,33","Высокая","2024-10-01"
"933","Nom_933","Prenom_933","Manager","2","Finance","2023-06-22","2028-05-10","Активен","3693","3,11","2023","73,33","78,33","Средняя","2024-10-01"
"934","Nom_934","Prenom_934","Developpeur","10","Direction Générale","2019-04-15","","Активен","2551","7,3","2019","75,42","82,33","Высокая","2024-10-01"
"935","Nom_935","Prenom_935","Analyste","3","Informatique","2022-01-27","","Активен","4781","4,51","2022","72,58","58","Низкая","2024-10-01"
"936","Nom_936","Prenom_936","Finance","6","Ventes","2020-05-25","","Активен","3161","6,18","2020","82,25","70","Средняя","2024-10-01"
"937","Nom_937","Prenom_937","Finance","8","Opérations","2020-01-20","","Активен","4931","6,53","2020","75,08","73,67","Средняя","2024-10-01"
"938","Nom_938","Prenom_938","Analyste","1","Ressources Humaines","2020-02-09","","Активен","2508","6,48","2020","77,5","78,33","Средняя","2024-10-01"
"939","Nom_939","Prenom_939","Analyste","1","Ressources Humaines","2021-04-02","","Активен","3486","5,33","2021","73,25","79,67","Средняя","2024-10-01"
"940","Nom_940","Prenom_940","Developpeur","2","Finance","2020-06-01","","Активен","3695","6,17","2020","83,33","80,67","Высокая","2024-10-01"
"941","Nom_941","Prenom_941","Manager","6","Ventes","2020-04-20","","Активен","3576","6,28","2020","74,17","83,67","Высокая","2024-10-01"
"943","Nom_943","Prenom_943","Developpeur","4","Data & Analytics","2023-07-27","","Активен","3788","3,01","2023","79,67","72,33","Средняя","2024-10-01"
"944","Nom_944","Prenom_944","Manager","3","Informatique","2021-02-09","","Активен","994","5,47","2021","78,17","90","Высокая","2024-10-01"
"945","Nom_945","Prenom_945","Developpeur","8","Opérations","2022-12-31","","Активен","1462","3,58","2022","67,5","61,67","Средняя","2024-10-01"
"947","Nom_947","Prenom_947","Analyste","9","Juridique","2021-09-23","","Активен","2223","4,85","2021","71,17","65","Средняя","2024-10-01"
"948","Nom_948","Prenom_948","Analyste","5","Marketing","2023-05-08","","Активен","3508","3,23","2023","78,83","74,33","Средняя","2024-10-01"
"949","Nom_949","Prenom_949","Manager","9","Juridique","2020-11-07","","Активен","3975","5,73","2020","74,92","56,33","Низкая","2024-10-01"
"950","Nom_950","Prenom_950","RH","2","Finance","2020-12-14","","Активен","4614","5,63","2020","80,17","93","Высокая","2024-10-01"
"951","Nom_951","Prenom_951","Manager","3","Informatique","2023-01-21","","Активен","2814","3,53","2023","77","84,67","Высокая","2024-10-01"
"952","Nom_952","Prenom_952","RH","7","Service Client","2019-03-24","","Активен","4589","7,36","2019","69,42","70,33","Средняя","2024-10-01"
"953","Nom_953","Prenom_953","Developpeur","7","Service Client","2022-03-14","","Активен","3243","4,38","2022","72,42","71,67","Средняя","2024-10-01"
"954","Nom_954","Prenom_954","Developpeur","6","Ventes","2022-01-13","","Активен","1711","4,55","2022","70,08","71,33","Средняя","2024-10-01"
"955","Nom_955","Prenom_955","Finance","6","Ventes","2022-01-06","","Активен","4013","4,57","2022","82,58","84,33","Высокая","2024-10-01"
"956","Nom_956","Prenom_956","RH","2","Finance","2020-04-01","","Активен","3164","6,33","2020","79,67","74,67","Средняя","2024-10-01"
"958","Nom_958","Prenom_958","Analyste","6","Ventes","2019-02-20","","Активен","4272","7,44","2019","80,08","72,33","Средняя","2024-10-01"
"960","Nom_960","Prenom_960","Manager","3","Informatique","2020-12-17","","Активен","1409","5,62","2020","78,75","82","Высокая","2024-10-01"
"961","Nom_961","Prenom_961","Analyste","2","Finance","2023-12-01","","Активен","2956","2,67","2023","77,58","80","Высокая","2024-10-01"
"962","Nom_962","Prenom_962","Analyste","1","Ressources Humaines","2023-01-09","","Активен","4666","3,56","2023","71,17","66,33","Средняя","2024-10-01"
"963","Nom_963","Prenom_963","Manager","5","Marketing","2020-03-24","","Активен","1171","6,35","2020","74,5","74,67","Средняя","2024-10-01"
"964","Nom_964","Prenom_964","Analyste","2","Finance","2021-05-30","","Активен","1415","5,17","2021","72,25","63,33","Средняя","2024-10-01"
"965","Nom_965","Prenom_965","RH","2","Finance","2020-05-02","","Активен","3053","6,25","2020","72,58","65,33","Средняя","2024-10-01"
"966","Nom_966","Prenom_966","Finance","7","Service Client","2023-12-29","","Активен","4938","2,59","2023","73,25","61,67","Средняя","2024-10-01"
"968","Nom_968","Prenom_968","RH","10","Direction Générale","2022-10-03","","Активен","2068","3,83","2022","83,17","74","Средняя","2024-10-01"
"969","Nom_969","Prenom_969","Developpeur","8","Opérations","2019-04-05","","Активен","1584","7,32","2019","77,83","75","Средняя","2024-10-01"
"971","Nom_971","Prenom_971","Finance","1","Ressources Humaines","2023-04-24","","Активен","3037","3,27","2023","67,58","65","Средняя","2024-10-01"
"972","Nom_972","Prenom_972","RH","7","Service Client","2019-06-03","","Активен","4854","7,16","2019","74,67","69","Средняя","2024-10-01"
"973","Nom_973","Prenom_973","Manager","1","Ressources Humaines","2019-09-07","","Активен","1735","6,9","2019","73,42","66","Средняя","2024-10-01"
"974","Nom_974","Prenom_974","Finance","4","Data & Analytics","2020-11-04","","Активен","4780","5,74","2020","71","74","Средняя","2024-10-01"
"975","Nom_975","Prenom_975","Developpeur","8","Opérations","2020-03-13","","Активен","3138","6,38","2020","75,42","75,33","Средняя","2024-10-01"
"977","Nom_977","Prenom_977","RH","6","Ventes","2021-02-09","","Активен","2334","5,47","2021","71,25","73,67","Средняя","2024-10-01"
"979","Nom_979","Prenom_979","Developpeur","9","Juridique","2019-09-25","","Активен","4661","6,85","2019","78,58","67,33","Средняя","2024-10-01"
"980","Nom_980","Prenom_980","Manager","5","Marketing","2021-12-13","","Активен","2785","4,63","2021","67,25","65","Средняя","2024-10-01"
"981","Nom_981","Prenom_981","Developpeur","10","Direction Générale","2019-08-24","","Активен","3578","6,94","2019","74,75","70,67","Средняя","2024-10-01"
"982","Nom_982","Prenom_982","RH","4","Data & Analytics","2020-01-24","","Активен","2070","6,52","2020","72,83","66,67","Средняя","2024-10-01"
"983","Nom_983","Prenom_983","Developpeur","5","Marketing","2021-09-16","","Активен","1440","4,87","2021","74,17","72","Средняя","2024-10-01"
"984","Nom_984","Prenom_984","Analyste","10","Direction Générale","2023-10-24","","Активен","4878","2,77","2023","76,42","75","Средняя","2024-10-01"
"985","Nom_985","Prenom_985","Manager","5","Marketing","2021-02-01","","Активен","2167","5,49","2021","64,08","68","Средняя","2024-10-01"
"986","Nom_986","Prenom_986","Developpeur","8","Opérations","2020-02-05","","Активен","4842","6,49","2020","69,67","75","Средняя","2024-10-01"
"987","Nom_987","Prenom_987","RH","10","Direction Générale","2020-09-15","","Активен","3375","5,88","2020","69,33","55,67","Низкая","2024-10-01"
"988","Nom_988","Prenom_988","RH","8","Opérations","2021-02-05","","Активен","4403","5,48","2021","82,67","73,33","Средняя","2024-10-01"
"989","Nom_989","Prenom_989","Developpeur","2","Finance","2022-08-19","","Активен","2381","3,95","2022","73,08","64","Средняя","2024-10-01"
"990","Nom_990","Prenom_990","RH","7","Service Client","2021-07-07","","Активен","2786","5,07","2021","67,08","70,67","Средняя","2024-10-01"
"991","Nom_991","Prenom_991","Finance","8","Opérations","2022-05-15","","Активен","3040","4,21","2022","77,83","78","Средняя","2024-10-01"
"993","Nom_993","Prenom_993","Finance","5","Marketing","2021-05-02","","Активен","2905","5,25","2021","76,17","83","Высокая","2024-10-01"
"995","Nom_995","Prenom_995","Developpeur","3","Informatique","2019-03-16","","Активен","4796","7,38","2019","77,58","77,33","Средняя","2024-10-01"
"996","Nom_996","Prenom_996","Analyste","10","Direction Générale","2020-03-10","","Активен","1651","6,39","2020","71,25","74","Средняя","2024-10-01"
"997","Nom_997","Prenom_997","RH","4","Data & Analytics","2019-04-13","","Активен","4903","7,3","2019","75,08","89","Высокая","2024-10-01"
"998","Nom_998","Prenom_998","Analyste","9","Juridique","2022-12-16","","Активен","2876","3,62","2022","69,92","71,67","Средняя","2024-10-01"
"999","Nom_999","Prenom_999","RH","6","Ventes","2023-09-24","","Активен","3794","2,85","2023","72,17","63,67","Средняя","2024-10-01"
"1000","Nom_1000","Prenom_1000","RH","8","Opérations","2021-02-02","","Активен","4544","5,49","2021","74,25","64,33","Средняя","2024-10-01"
"1002","Nom_1002","Prenom_1002","Finance","2","Finance","2021-03-16","","Активен","2444","5,38","2021","68,17","72,67","Средняя","2024-10-01"
"1003","Nom_1003","Prenom_1003","RH","3","Informatique","2022-08-22","","Активен","3944","3,94","2022","73","66,67","Средняя","2024-10-01"
"1004","Nom_1004","Prenom_1004","Manager","1","Ressources Humaines","2019-04-08","","Активен","1042","7,32","2019","73,92","58,33","Низкая","2024-10-01"
"1005","Nom_1005","Prenom_1005","Finance","9","Juridique","2021-03-08","","Активен","4885","5,4","2021","75,92","79,33","Средняя","2024-10-01"
"1006","Nom_1006","Prenom_1006","RH","7","Service Client","2022-09-20","","Активен","970","3,86","2022","74,75","77,67","Средняя","2024-10-01"
"1007","Nom_1007","Prenom_1007","RH","1","Ressources Humaines","2021-05-08","2026-09-29","Активен","1452","5,23","2021","77,17","63","Средняя","2024-10-01"
"1008","Nom_1008","Prenom_1008","Analyste","3","Informatique","2020-03-10","","Активен","4312","6,39","2020","70,75","79,33","Средняя","2024-10-01"
"1009","Nom_1009","Prenom_1009","Analyste","4","Data & Analytics","2020-03-22","","Активен","2299","6,36","2020","85,58","96","Высокая","2024-10-01"
"1010","Nom_1010","Prenom_1010","Finance","4","Data & Analytics","2022-08-24","","Активен","2899","3,94","2022","68,58","78","Средняя","2024-10-01"
"1011","Nom_1011","Prenom_1011","RH","5","Marketing","2019-09-06","","Активен","2958","6,9","2019","70,5","62","Средняя","2024-10-01"
"1012","Nom_1012","Prenom_1012","Developpeur","3","Informatique","2019-06-15","","Активен","2772","7,13","2019","74,67","64,67","Средняя","2024-10-01"
"1013","Nom_1013","Prenom_1013","Analyste","3","Informatique","2023-02-13","2027-08-28","Активен","4725","3,46","2023","75,58","78,33","Средняя","2024-10-01"
"1014","Nom_1014","Prenom_1014","Finance","1","Ressources Humaines","2021-09-10","","Активен","3058","4,89","2021","74,42","76","Средняя","2024-10-01"
"1016","Nom_1016","Prenom_1016","RH","10","Direction Générale","2021-10-16","","Активен","2835","4,79","2021","73,92","64","Средняя","2024-10-01"
"1017","Nom_1017","Prenom_1017","Developpeur","1","Ressources Humaines","2020-06-25","","Активен","4071","6,1","2020","74,5","65","Средняя","2024-10-01"
"1018","Nom_1018","Prenom_1018","Finance","2","Finance","2021-01-28","","Активен","1657","5,51","2021","78,92","83","Высокая","2024-10-01"
"1019","Nom_1019","Prenom_1019","RH","4","Data & Analytics","2022-02-03","","Активен","4623","4,49","2022","70,5","82,33","Высокая","2024-10-01"
"1020","Nom_1020","Prenom_1020","Analyste","4","Data & Analytics","2023-05-06","2028-03-10","Активен","1849","3,24","2023","69,42","73,67","Средняя","2024-10-01"
"1021","Nom_1021","Prenom_1021","Developpeur","5","Marketing","2019-03-22","","Активен","4790","7,36","2019","71,33","71,67","Средняя","2024-10-01"
"1023","Nom_1023","Prenom_1023","Developpeur","4","Data & Analytics","2021-03-07","","Активен","1723","5,4","2021","67,92","63","Средняя","2024-10-01"
"1024","Nom_1024","Prenom_1024","Analyste","1","Ressources Humaines","2021-06-18","","Активен","3599","5,12","2021","72,08","79,67","Средняя","2024-10-01"
"1025","Nom_1025","Prenom_1025","Finance","2","Finance","2019-05-18","","Активен","4862","7,21","2019","79,92","89","Высокая","2024-10-01"
"1026","Nom_1026","Prenom_1026","Developpeur","1","Ressources Humaines","2019-07-03","","Активен","4845","7,08","2019","72","69","Средняя","2024-10-01"
"1027","Nom_1027","Prenom_1027","Manager","10","Direction Générale","2022-11-25","2027-08-09","Активен","2602","3,68","2022","68,58","74,33","Средняя","2024-10-01"
"1028","Nom_1028","Prenom_1028","Analyste","10","Direction Générale","2022-09-15","","Активен","3513","3,88","2022","76,67","77","Средняя","2024-10-01"
"1029","Nom_1029","Prenom_1029","Analyste","4","Data & Analytics","2021-02-23","","Активен","3653","5,43","2021","75,58","89,33","Высокая","2024-10-01"
"1030","Nom_1030","Prenom_1030","Analyste","4","Data & Analytics","2023-03-12","","Активен","3457","3,39","2023","71,5","70","Средняя","2024-10-01"
"1031","Nom_1031","Prenom_1031","Manager","7","Service Client","2021-09-10","","Активен","4146","4,89","2021","72,17","59","Низкая","2024-10-01"
"1033","Nom_1033","Prenom_1033","RH","9","Juridique","2020-06-29","","Активен","3749","6,09","2020","69,67","72","Средняя","2024-10-01"
"1034","Nom_1034","Prenom_1034","Developpeur","9","Juridique","2023-12-03","","Активен","1741","2,66","2023","76,75","67,33","Средняя","2024-10-01"
"1035","Nom_1035","Prenom_1035","RH","5","Marketing","2019-02-22","","Активен","2707","7,44","2019","72","80,33","Высокая","2024-10-01"
"1036","Nom_1036","Prenom_1036","Developpeur","10","Direction Générale","2023-01-13","","Активен","2043","3,55","2023","80","83","Высокая","2024-10-01"
"1037","Nom_1037","Prenom_1037","Manager","1","Ressources Humaines","2019-07-24","","Активен","2266","7,02","2019","73,5","78","Средняя","2024-10-01"
"1038","Nom_1038","Prenom_1038","Manager","1","Ressources Humaines","2019-05-06","","Активен","4757","7,24","2019","75,42","79,67","Средняя","2024-10-01"
"1039","Nom_1039","Prenom_1039","RH","6","Ventes","2023-11-06","","Активен","2766","2,74","2023","74,25","75","Средняя","2024-10-01"
"1040","Nom_1040","Prenom_1040","Finance","2","Finance","2019-02-12","","Активен","1175","7,47","2019","70,08","57,33","Низкая","2024-10-01"
"1041","Nom_1041","Prenom_1041","RH","8","Opérations","2023-11-11","","Активен","1062","2,72","2023","79,25","71,67","Средняя","2024-10-01"
"1042","Nom_1042","Prenom_1042","Developpeur","9","Juridique","2019-04-21","","Активен","4188","7,28","2019","68,25","61","Средняя","2024-10-01"
"1043","Nom_1043","Prenom_1043","RH","4","Data & Analytics","2021-01-30","","Активен","4195","5,5","2021","70,17","74,67","Средняя","2024-10-01"
"1044","Nom_1044","Prenom_1044","Analyste","5","Marketing","2023-08-14","","Активен","2744","2,97","2023","75,92","70","Средняя","2024-10-01"
"1045","Nom_1045","Prenom_1045","Developpeur","8","Opérations","2022-04-21","","Активен","2693","4,28","2022","71,67","91","Высокая","2024-10-01"
"1046","Nom_1046","Prenom_1046","Developpeur","3","Informatique","2021-04-27","","Активен","4434","5,26","2021","72,58","65,67","Средняя","2024-10-01"
"1047","Nom_1047","Prenom_1047","Finance","5","Marketing","2019-04-05","","Активен","2452","7,32","2019","76,33","89,67","Высокая","2024-10-01"
"1048","Nom_1048","Prenom_1048","Manager","3","Informatique","2022-10-29","","Активен","4941","3,76","2022","71,75","73,67","Средняя","2024-10-01"
"1049","Nom_1049","Prenom_1049","Developpeur","10","Direction Générale","2023-03-24","","Активен","4692","3,36","2023","76,67","75,33","Средняя","2024-10-01"
"1050","Nom_1050","Prenom_1050","Manager","3","Informatique","2021-06-18","","Активен","1399","5,12","2021","79,17","88,33","Высокая","2024-10-01"
"1051","Nom_1051","Prenom_1051","RH","3","Informatique","2019-12-26","","Активен","2712","6,6","2019","78,75","77","Средняя","2024-10-01"
"1052","Nom_1052","Prenom_1052","Analyste","7","Service Client","2021-06-18","","Активен","2092","5,12","2021","83,92","82","Высокая","2024-10-01"
"1053","Nom_1053","Prenom_1053","Finance","7","Service Client","2023-09-16","","Активен","1400","2,87","2023","71,92","65,33","Средняя","2024-10-01"
"1054","Nom_1054","Prenom_1054","Manager","7","Service Client","2019-10-08","","Активен","1180","6,81","2019","73,83","82","Высокая","2024-10-01"
"1055","Nom_1055","Prenom_1055","Developpeur","10","Direction Générale","2022-05-03","","Активен","4437","4,25","2022","78,25","90,33","Высокая","2024-10-01"
"1057","Nom_1057","Prenom_1057","Developpeur","5","Marketing","2020-10-28","","Активен","1898","5,76","2020","77,17","82","Высокая","2024-10-01"
"1058","Nom_1058","Prenom_1058","Manager","5","Marketing","2019-04-03","","Активен","1165","7,33","2019","69,58","81","Высокая","2024-10-01"
"1059","Nom_1059","Prenom_1059","Developpeur","4","Data & Analytics","2020-11-02","","Активен","3370","5,74","2020","70,42","73,67","Средняя","2024-10-01"
"1060","Nom_1060","Prenom_1060","RH","7","Service Client","2019-03-02","","Активен","4219","7,42","2019","77","88","Высокая","2024-10-01"
"1062","Nom_1062","Prenom_1062","Developpeur","4","Data & Analytics","2021-12-10","","Активен","1590","4,64","2021","64,25","69,33","Средняя","2024-10-01"
"1063","Nom_1063","Prenom_1063","Analyste","2","Finance","2022-11-27","","Активен","4369","3,68","2022","77,58","82","Высокая","2024-10-01"
"1064","Nom_1064","Prenom_1064","Developpeur","4","Data & Analytics","2023-12-18","","Активен","1546","2,62","2023","75,08","72,33","Средняя","2024-10-01"
"1065","Nom_1065","Prenom_1065","Analyste","8","Opérations","2021-10-25","","Активен","1112","4,77","2021","73","67","Средняя","2024-10-01"
"1066","Nom_1066","Prenom_1066","Finance","9","Juridique","2023-01-29","2027-06-28","Активен","1720","3,5","2023","77,33","77","Средняя","2024-10-01"
"1067","Nom_1067","Prenom_1067","Analyste","3","Informatique","2020-08-26","","Активен","1877","5,93","2020","69,92","79","Средняя","2024-10-01"
"1068","Nom_1068","Prenom_1068","RH","7","Service Client","2020-11-12","","Активен","3629","5,72","2020","77,92","77,67","Средняя","2024-10-01"
"1069","Nom_1069","Prenom_1069","Analyste","9","Juridique","2020-06-17","","Активен","3181","6,12","2020","69,67","64,67","Средняя","2024-10-01"
"1070","Nom_1070","Prenom_1070","Finance","4","Data & Analytics","2022-11-29","","Активен","4418","3,67","2022","75,33","82,33","Высокая","2024-10-01"
"1071","Nom_1071","Prenom_1071","RH","10","Direction Générale","2021-04-17","","Активен","1597","5,29","2021","81,92","80","Высокая","2024-10-01"
"1072","Nom_1072","Prenom_1072","Manager","3","Informatique","2023-03-17","","Активен","1072","3,38","2023","71,33","73,67","Средняя","2024-10-01"
"1073","Nom_1073","Prenom_1073","Manager","5","Marketing","2020-10-06","","Активен","3810","5,82","2020","65,92","69,67","Средняя","2024-10-01"
"1074","Nom_1074","Prenom_1074","Analyste","1","Ressources Humaines","2019-08-21","","Активен","2573","6,95","2019","81,17","78,67","Средняя","2024-10-01"
"1075","Nom_1075","Prenom_1075","Analyste","3","Informatique","2020-06-07","","Активен","3347","6,15","2020","74,25","80,67","Высокая","2024-10-01"
"1077","Nom_1077","Prenom_1077","Finance","8","Opérations","2021-12-05","","Активен","1746","4,65","2021","76,08","89,33","Высокая","2024-10-01"
"1078","Nom_1078","Prenom_1078","Developpeur","4","Data & Analytics","2020-06-29","","Активен","3465","6,09","2020","72,67","74","Средняя","2024-10-01"
"1079","Nom_1079","Prenom_1079","Finance","2","Finance","2022-01-06","","Активен","1306","4,57","2022","76","62,33","Средняя","2024-10-01"
"1080","Nom_1080","Prenom_1080","Developpeur","8","Opérations","2023-10-20","","Активен","1043","2,78","2023","83,75","76,33","Средняя","2024-10-01"
"1081","Nom_1081","Prenom_1081","RH","8","Opérations","2022-01-01","","Активен","1305","4,58","2022","73,17","74,33","Средняя","2024-10-01"
"1082","Nom_1082","Prenom_1082","Analyste","10","Direction Générale","2021-03-04","","Активен","3958","5,41","2021","69,25","61,33","Средняя","2024-10-01"
"1084","Nom_1084","Prenom_1084","Finance","3","Informatique","2019-02-16","","Активен","2672","7,46","2019","76,33","87,67","Высокая","2024-10-01"
"1085","Nom_1085","Prenom_1085","RH","2","Finance","2022-02-18","","Активен","4593","4,45","2022","80,5","81,33","Высокая","2024-10-01"
"1086","Nom_1086","Prenom_1086","RH","9","Juridique","2019-08-02","","Активен","1992","7","2019","76,67","78,67","Средняя","2024-10-01"
"1088","Nom_1088","Prenom_1088","Finance","7","Service Client","2021-12-15","","Активен","1190","4,63","2021","76,33","67","Средняя","2024-10-01"
"1089","Nom_1089","Prenom_1089","RH","5","Marketing","2019-12-16","","Активен","4177","6,63","2019","65,5","76","Средняя","2024-10-01"
"1090","Nom_1090","Prenom_1090","Developpeur","8","Opérations","2019-04-17","","Активен","1472","7,29","2019","77,17","75,33","Средняя","2024-10-01"
"1091","Nom_1091","Prenom_1091","Finance","4","Data & Analytics","2021-04-10","","Активен","3360","5,31","2021","76,17","78","Средняя","2024-10-01"
"1092","Nom_1092","Prenom_1092","RH","7","Service Client","2019-02-17","","Активен","2011","7,45","2019","74,08","73,33","Средняя","2024-10-01"
"1093","Nom_1093","Prenom_1093","Finance","5","Marketing","2023-05-16","","Активен","1729","3,21","2023","75,67","65,33","Средняя","2024-10-01"
"1094","Nom_1094","Prenom_1094","Manager","5","Marketing","2019-12-03","","Активен","2339","6,66","2019","64,33","69,33","Средняя","2024-10-01"
"1095","Nom_1095","Prenom_1095","Developpeur","9","Juridique","2021-11-15","","Активен","1712","4,71","2021","72,92","67,67","Средняя","2024-10-01"
"1096","Nom_1096","Prenom_1096","RH","9","Juridique","2021-03-14","","Активен","1443","5,38","2021","70,17","62,33","Средняя","2024-10-01"
"1097","Nom_1097","Prenom_1097","Manager","9","Juridique","2022-07-04","","Активен","1301","4,08","2022","72,17","75,67","Средняя","2024-10-01"
"1098","Nom_1098","Prenom_1098","Manager","6","Ventes","2019-01-08","","Активен","1529","7,56","2019","73,58","61,67","Средняя","2024-10-01"
"1099","Nom_1099","Prenom_1099","Finance","6","Ventes","2020-09-16","","Активен","2083","5,87","2020","68,92","84,33","Высокая","2024-10-01"
"1100","Nom_1100","Prenom_1100","Manager","5","Marketing","2022-06-30","","Активен","2918","4,09","2022","75,5","74,67","Средняя","2024-10-01"
"1102","Nom_1102","Prenom_1102","Developpeur","10","Direction Générale","2020-12-19","","Активен","1719","5,62","2020","72,25","72,67","Средняя","2024-10-01"
"1103","Nom_1103","Prenom_1103","Analyste","8","Opérations","2019-10-30","","Активен","4850","6,75","2019","78,58","78","Средняя","2024-10-01"
"1104","Nom_1104","Prenom_1104","Developpeur","7","Service Client","2020-09-30","","Активен","3139","5,83","2020","71,42","77","Средняя","2024-10-01"
"1105","Nom_1105","Prenom_1105","Manager","7","Service Client","2019-02-25","","Активен","1555","7,43","2019","73,33","71,33","Средняя","2024-10-01"
"1106","Nom_1106","Prenom_1106","Developpeur","6","Ventes","2020-12-26","","Активен","2669","5,6","2020","71,75","72,33","Средняя","2024-10-01"
"1107","Nom_1107","Prenom_1107","Finance","5","Marketing","2020-06-09","","Активен","1307","6,14","2020","72,42","77,33","Средняя","2024-10-01"
"1108","Nom_1108","Prenom_1108","Analyste","4","Data & Analytics","2020-04-18","","Активен","2236","6,29","2020","74,08","64,33","Средняя","2024-10-01"
"1109","Nom_1109","Prenom_1109","Manager","3","Informatique","2019-01-28","","Активен","3375","7,51","2019","71,5","66,33","Средняя","2024-10-01"
"1111","Nom_1111","Prenom_1111","Manager","6","Ventes","2022-05-24","","Активен","1358","4,19","2022","77,17","89","Высокая","2024-10-01"
"1112","Nom_1112","Prenom_1112","Finance","4","Data & Analytics","2022-11-10","","Активен","3902","3,72","2022","78,75","70,67","Средняя","2024-10-01"
"1113","Nom_1113","Prenom_1113","Analyste","6","Ventes","2019-12-31","","Активен","4422","6,58","2019","78,83","77","Средняя","2024-10-01"
"1114","Nom_1114","Prenom_1114","RH","3","Informatique","2020-10-27","","Активен","4857","5,76","2020","74,33","58,67","Низкая","2024-10-01"
"1117","Nom_1117","Prenom_1117","Analyste","5","Marketing","2022-08-28","","Активен","2955","3,93","2022","69,17","64,33","Средняя","2024-10-01"
"1118","Nom_1118","Prenom_1118","RH","7","Service Client","2021-06-01","","Активен","1492","5,17","2021","81","83","Высокая","2024-10-01"
"1119","Nom_1119","Prenom_1119","RH","10","Direction Générale","2021-10-27","","Активен","2278","4,76","2021","74,5","71,67","Средняя","2024-10-01"
"1121","Nom_1121","Prenom_1121","Finance","5","Marketing","2023-07-05","","Активен","3230","3,07","2023","70,25","79","Средняя","2024-10-01"
"1122","Nom_1122","Prenom_1122","RH","9","Juridique","2021-07-07","","Активен","1241","5,07","2021","76,08","86","Высокая","2024-10-01"
"1123","Nom_1123","Prenom_1123","RH","3","Informatique","2021-01-19","","Активен","2681","5,53","2021","78,08","83,33","Высокая","2024-10-01"
"1126","Nom_1126","Prenom_1126","RH","4","Data & Analytics","2023-03-12","","Активен","2535","3,39","2023","76,33","74,67","Средняя","2024-10-01"
"1127","Nom_1127","Prenom_1127","RH","7","Service Client","2022-07-21","","Активен","4535","4,03","2022","79,92","88,33","Высокая","2024-10-01"
"1128","Nom_1128","Prenom_1128","Developpeur","8","Opérations","2023-03-10","","Активен","3445","3,39","2023","80","73,67","Средняя","2024-10-01"
"1129","Nom_1129","Prenom_1129","Finance","6","Ventes","2021-03-16","","Активен","818","5,38","2021","76,25","78,67","Средняя","2024-10-01"
"1130","Nom_1130","Prenom_1130","RH","5","Marketing","2021-01-08","","Активен","1924","5,56","2021","79,5","87,33","Высокая","2024-10-01"
"1131","Nom_1131","Prenom_1131","Finance","6","Ventes","2021-11-04","","Активен","4785","4,74","2021","68,33","62,67","Средняя","2024-10-01"
"1132","Nom_1132","Prenom_1132","Manager","5","Marketing","2022-04-30","2026-08-04","Активен","3454","4,25","2022","72,92","73,67","Средняя","2024-10-01"
"1133","Nom_1133","Prenom_1133","Manager","8","Opérations","2023-07-13","","Активен","2880","3,05","2023","77,58","87","Высокая","2024-10-01"
"1134","Nom_1134","Prenom_1134","RH","1","Ressources Humaines","2020-04-29","","Активен","2347","6,26","2020","79,67","75","Средняя","2024-10-01"
"1135","Nom_1135","Prenom_1135","Finance","7","Service Client","2019-01-28","","Активен","1661","7,51","2019","73,42","73","Средняя","2024-10-01"
"1136","Nom_1136","Prenom_1136","Finance","10","Direction Générale","2020-12-14","","Активен","954","5,63","2020","81,08","71","Средняя","2024-10-01"
"1137","Nom_1137","Prenom_1137","Finance","10","Direction Générale","2021-11-28","","Активен","4294","4,67","2021","79,33","94","Высокая","2024-10-01"
"1138","Nom_1138","Prenom_1138","Developpeur","2","Finance","2022-07-20","","Активен","1704","4,03","2022","66,83","70,67","Средняя","2024-10-01"
"1139","Nom_1139","Prenom_1139","Manager","9","Juridique","2022-06-08","","Активен","2069","4,15","2022","80,67","81,67","Высокая","2024-10-01"
"1140","Nom_1140","Prenom_1140","Finance","1","Ressources Humaines","2019-03-27","","Активен","1204","7,35","2019","71,5","74,33","Средняя","2024-10-01"
"1141","Nom_1141","Prenom_1141","Finance","10","Direction Générale","2023-02-06","","Активен","1643","3,48","2023","67,08","61,67","Средняя","2024-10-01"
"1143","Nom_1143","Prenom_1143","Developpeur","9","Juridique","2021-03-22","","Активен","2364","5,36","2021","67,58","54,67","Низкая","2024-10-01"
"1144","Nom_1144","Prenom_1144","Finance","1","Ressources Humaines","2020-06-20","","Активен","1984","6,11","2020","75,58","90","Высокая","2024-10-01"
"1145","Nom_1145","Prenom_1145","Analyste","4","Data & Analytics","2019-05-25","","Активен","1546","7,19","2019","74,5","74,67","Средняя","2024-10-01"
"1146","Nom_1146","Prenom_1146","Finance","4","Data & Analytics","2023-03-29","","Активен","2525","3,34","2023","74,08","80,33","Высокая","2024-10-01"
"1147","Nom_1147","Prenom_1147","Finance","9","Juridique","2022-05-20","","Активен","3988","4,2","2022","71,58","69,67","Средняя","2024-10-01"
"1148","Nom_1148","Prenom_1148","Developpeur","5","Marketing","2019-01-25","","Активен","1070","7,52","2019","71,75","83,67","Высокая","2024-10-01"
"1149","Nom_1149","Prenom_1149","Developpeur","5","Marketing","2023-05-23","","Активен","4756","3,19","2023","77,5","62","Средняя","2024-10-01"
"1151","Nom_1151","Prenom_1151","Finance","1","Ressources Humaines","2019-03-08","","Активен","1073","7,4","2019","72","71,67","Средняя","2024-10-01"
"1152","Nom_1152","Prenom_1152","Finance","1","Ressources Humaines","2019-08-21","","Активен","3106","6,95","2019","82","79,67","Средняя","2024-10-01"
"1154","Nom_1154","Prenom_1154","Finance","3","Informatique","2022-03-15","","Активен","2506","4,38","2022","79,67","81,33","Высокая","2024-10-01"
"1155","Nom_1155","Prenom_1155","Finance","4","Data & Analytics","2019-04-21","","Активен","2571","7,28","2019","74,08","66","Средняя","2024-10-01"
"1156","Nom_1156","Prenom_1156","RH","1","Ressources Humaines","2019-08-16","","Активен","1221","6,96","2019","75,75","97,33","Высокая","2024-10-01"
"1157","Nom_1157","Prenom_1157","Analyste","9","Juridique","2019-04-21","","Активен","2009","7,28","2019","76,5","78,33","Средняя","2024-10-01"
"1158","Nom_1158","Prenom_1158","Manager","8","Opérations","2023-02-02","","Активен","1690","3,49","2023","79,42","84","Высокая","2024-10-01"
"1159","Nom_1159","Prenom_1159","Analyste","2","Finance","2019-02-03","","Активен","4067","7,49","2019","76,67","79,67","Средняя","2024-10-01"
"1161","Nom_1161","Prenom_1161","Manager","7","Service Client","2023-12-05","","Активен","4043","2,66","2023","75","66,67","Средняя","2024-10-01"
"1163","Nom_1163","Prenom_1163","RH","1","Ressources Humaines","2021-01-17","","Активен","2249","5,54","2021","75,67","69,67","Средняя","2024-10-01"
"1165","Nom_1165","Prenom_1165","Developpeur","10","Direction Générale","2023-04-27","","Активен","4056","3,26","2023","68,83","79","Средняя","2024-10-01"
"1166","Nom_1166","Prenom_1166","RH","7","Service Client","2020-02-29","","Активен","3956","6,42","2020","67,83","79","Средняя","2024-10-01"
"1167","Nom_1167","Prenom_1167","Developpeur","9","Juridique","2020-09-04","","Активен","2390","5,91","2020","76,17","85,67","Высокая","2024-10-01"
"1168","Nom_1168","Prenom_1168","RH","1","Ressources Humaines","2023-03-22","","Активен","4781","3,36","2023","78,58","87,67","Высокая","2024-10-01"
"1169","Nom_1169","Prenom_1169","RH","2","Finance","2020-11-22","","Активен","2235","5,69","2020","75,25","69","Средняя","2024-10-01"
"1170","Nom_1170","Prenom_1170","Developpeur","9","Juridique","2022-07-29","","Активен","1023","4,01","2022","75,67","67,33","Средняя","2024-10-01"
"1171","Nom_1171","Prenom_1171","Manager","9","Juridique","2022-09-05","","Активен","1019","3,9","2022","69","58","Низкая","2024-10-01"
"1172","Nom_1172","Prenom_1172","Analyste","6","Ventes","2023-10-28","","Активен","2454","2,76","2023","76,67","75,67","Средняя","2024-10-01"
"1173","Nom_1173","Prenom_1173","Finance","6","Ventes","2023-01-06","","Активен","1064","3,57","2023","71,17","65,33","Средняя","2024-10-01"
"1174","Nom_1174","Prenom_1174","RH","4","Data & Analytics","2019-11-11","","Активен","1753","6,72","2019","73,58","77,67","Средняя","2024-10-01"
"1175","Nom_1175","Prenom_1175","Finance","4","Data & Analytics","2021-05-26","","Активен","4533","5,18","2021","69,58","69","Средняя","2024-10-01"
"1176","Nom_1176","Prenom_1176","Developpeur","5","Marketing","2023-10-31","2028-08-26","Активен","3574","2,75","2023","77,92","85","Высокая","2024-10-01"
"1177","Nom_1177","Prenom_1177","Finance","3","Informatique","2022-11-01","","Активен","3924","3,75","2022","79","84","Высокая","2024-10-01"
"1178","Nom_1178","Prenom_1178","Developpeur","1","Ressources Humaines","2022-08-05","","Активен","1279","3,99","2022","72,17","76","Средняя","2024-10-01"
"1179","Nom_1179","Prenom_1179","Finance","1","Ressources Humaines","2022-12-31","","Активен","4314","3,58","2022","70,25","75,67","Средняя","2024-10-01"
"1180","Nom_1180","Prenom_1180","Analyste","7","Service Client","2020-10-23","","Активен","2153","5,77","2020","74,25","79,67","Средняя","2024-10-01"
"1182","Nom_1182","Prenom_1182","Analyste","1","Ressources Humaines","2023-09-30","","Активен","4678","2,84","2023","65,42","57,67","Низкая","2024-10-01"
"1183","Nom_1183","Prenom_1183","Analyste","3","Informatique","2023-05-25","","Активен","1689","3,19","2023","72,83","71,67","Средняя","2024-10-01"
"1184","Nom_1184","Prenom_1184","Analyste","10","Direction Générale","2023-03-07","","Активен","4654","3,4","2023","69,17","75,67","Средняя","2024-10-01"
"1185","Nom_1185","Prenom_1185","Analyste","4","Data & Analytics","2020-09-15","","Активен","1724","5,88","2020","78","70","Средняя","2024-10-01"
"1186","Nom_1186","Prenom_1186","Developpeur","4","Data & Analytics","2020-05-30","","Активен","2970","6,17","2020","74,58","65,67","Средняя","2024-10-01"
"1187","Nom_1187","Prenom_1187","RH","2","Finance","2022-10-05","","Активен","2702","3,82","2022","73,5","83","Высокая","2024-10-01"
"1188","Nom_1188","Prenom_1188","Finance","1","Ressources Humaines","2021-04-22","","Активен","3195","5,28","2021","71,42","62","Средняя","2024-10-01"
"1189","Nom_1189","Prenom_1189","Analyste","3","Informatique","2023-01-09","","Активен","828","3,56","2023","74,08","63,67","Средняя","2024-10-01"
"1190","Nom_1190","Prenom_1190","Developpeur","4","Data & Analytics","2019-12-16","","Активен","834","6,63","2019","71,33","68,67","Средняя","2024-10-01"
"1191","Nom_1191","Prenom_1191","Developpeur","3","Informatique","2023-06-19","","Активен","4389","3,12","2023","72,75","69","Средняя","2024-10-01"
"1192","Nom_1192","Prenom_1192","Developpeur","8","Opérations","2023-08-15","","Активен","3470","2,96","2023","75,17","72","Средняя","2024-10-01"
"1194","Nom_1194","Prenom_1194","Finance","1","Ressources Humaines","2022-03-06","","Активен","1388","4,41","2022","77,5","84,33","Высокая","2024-10-01"
"1195","Nom_1195","Prenom_1195","RH","2","Finance","2021-01-28","","Активен","4018","5,51","2021","73,58","63,67","Средняя","2024-10-01"
"1196","Nom_1196","Prenom_1196","Manager","7","Service Client","2021-06-17","","Активен","3938","5,12","2021","78,33","83","Высокая","2024-10-01"
"1197","Nom_1197","Prenom_1197","Developpeur","4","Data & Analytics","2019-08-31","","Активен","1703","6,92","2019","82,17","79","Средняя","2024-10-01"
"1198","Nom_1198","Prenom_1198","Manager","8","Opérations","2020-06-26","","Активен","4886","6,1","2020","73,5","74,33","Средняя","2024-10-01"
"1199","Nom_1199","Prenom_1199","Analyste","3","Informatique","2021-11-29","2027-02-07","Активен","2969","4,67","2021","73,25","76,33","Средняя","2024-10-01"
"1200","Nom_1200","Prenom_1200","Analyste","6","Ventes","2019-08-17","","Активен","1139","6,96","2019","81,25","76,67","Средняя","2024-10-01"
"1202","Nom_1202","Prenom_1202","Finance","1","Ressources Humaines","2021-07-08","","Активен","1356","5,07","2021","76,83","78","Средняя","2024-10-01"
"1203","Nom_1203","Prenom_1203","Manager","1","Ressources Humaines","2022-05-31","","Активен","3887","4,17","2022","73,75","71,33","Средняя","2024-10-01"
"1204","Nom_1204","Prenom_1204","Finance","8","Opérations","2019-01-06","","Активен","4066","7,57","2019","70,75","69","Средняя","2024-10-01"
"1205","Nom_1205","Prenom_1205","RH","3","Informatique","2022-09-07","","Активен","4367","3,9","2022","76,92","81,67","Высокая","2024-10-01"
"1206","Nom_1206","Prenom_1206","Analyste","5","Marketing","2020-04-12","","Активен","2856","6,3","2020","73,67","72,33","Средняя","2024-10-01"
"1207","Nom_1207","Prenom_1207","Finance","1","Ressources Humaines","2023-10-22","","Активен","4699","2,78","2023","76,5","85,67","Высокая","2024-10-01"
"1208","Nom_1208","Prenom_1208","Finance","5","Marketing","2019-03-16","","Активен","1816","7,38","2019","66,25","69,33","Средняя","2024-10-01"
"1209","Nom_1209","Prenom_1209","Analyste","6","Ventes","2019-01-04","","Активен","2862","7,57","2019","68,08","68,67","Средняя","2024-10-01"
"1211","Nom_1211","Prenom_1211","Analyste","3","Informatique","2019-04-28","","Активен","2437","7,26","2019","76,5","67,33","Средняя","2024-10-01"
"1212","Nom_1212","Prenom_1212","Finance","3","Informatique","2021-05-30","","Активен","4296","5,17","2021","74,25","61,67","Средняя","2024-10-01"
"1213","Nom_1213","Prenom_1213","Manager","10","Direction Générale","2023-06-18","","Активен","2613","3,12","2023","73,75","81,33","Высокая","2024-10-01"
"1214","Nom_1214","Prenom_1214","Manager","9","Juridique","2020-05-18","","Активен","4279","6,2","2020","77","82,67","Высокая","2024-10-01"
"1215","Nom_1215","Prenom_1215","Analyste","4","Data & Analytics","2021-08-04","","Активен","2251","4,99","2021","74,58","79,67","Средняя","2024-10-01"
"1216","Nom_1216","Prenom_1216","Finance","4","Data & Analytics","2020-07-27","","Активен","3113","6,01","2020","72,92","72,67","Средняя","2024-10-01"
"1217","Nom_1217","Prenom_1217","RH","7","Service Client","2023-01-04","","Активен","2314","3,57","2023","70,08","75,33","Средняя","2024-10-01"
"1218","Nom_1218","Prenom_1218","Finance","2","Finance","2019-07-13","","Активен","2031","7,05","2019","66,25","70,33","Средняя","2024-10-01"
"1220","Nom_1220","Prenom_1220","RH","6","Ventes","2020-12-15","","Активен","3799","5,63","2020","77,83","86,33","Высокая","2024-10-01"
"1221","Nom_1221","Prenom_1221","Manager","3","Informatique","2022-11-16","","Активен","4240","3,71","2022","71,17","65,33","Средняя","2024-10-01"
"1222","Nom_1222","Prenom_1222","RH","9","Juridique","2021-11-15","","Активен","4856","4,71","2021","71,75","61","Средняя","2024-10-01"
"1223","Nom_1223","Prenom_1223","Manager","5","Marketing","2022-12-29","","Активен","1105","3,59","2022","76,58","69","Средняя","2024-10-01"
"1224","Nom_1224","Prenom_1224","Manager","8","Opérations","2019-06-22","","Активен","4336","7,11","2019","75,08","82,67","Высокая","2024-10-01"
"1225","Nom_1225","Prenom_1225","RH","7","Service Client","2022-08-16","","Активен","2523","3,96","2022","77,17","79","Средняя","2024-10-01"
"1226","Nom_1226","Prenom_1226","Manager","8","Opérations","2023-07-27","","Активен","2489","3,01","2023","73,75","73","Средняя","2024-10-01"
"1227","Nom_1227","Prenom_1227","Manager","7","Service Client","2019-11-22","","Активен","2317","6,69","2019","74,17","70,67","Средняя","2024-10-01"
"1228","Nom_1228","Prenom_1228","Developpeur","3","Informatique","2022-12-04","","Активен","4717","3,66","2022","76,33","78","Средняя","2024-10-01"
"1229","Nom_1229","Prenom_1229","Finance","2","Finance","2022-02-15","","Активен","1219","4,46","2022","67,58","68,33","Средняя","2024-10-01"
"1230","Nom_1230","Prenom_1230","Finance","7","Service Client","2021-04-15","","Активен","3736","5,3","2021","77,58","67","Средняя","2024-10-01"
"1231","Nom_1231","Prenom_1231","Developpeur","3","Informatique","2023-12-16","","Активен","4662","2,63","2023","76","76","Средняя","2024-10-01"
"1232","Nom_1232","Prenom_1232","RH","3","Informatique","2020-12-24","","Активен","2250","5,6","2020","65,42","77,33","Средняя","2024-10-01"
"1233","Nom_1233","Prenom_1233","Analyste","2","Finance","2019-08-13","","Активен","3896","6,97","2019","73,67","73,33","Средняя","2024-10-01"
"1234","Nom_1234","Prenom_1234","Analyste","4","Data & Analytics","2020-06-15","","Активен","4061","6,13","2020","77,83","58,33","Низкая","2024-10-01"
"1236","Nom_1236","Prenom_1236","Developpeur","1","Ressources Humaines","2019-05-20","","Активен","2669","7,2","2019","78,33","80,33","Высокая","2024-10-01"
"1237","Nom_1237","Prenom_1237","Developpeur","1","Ressources Humaines","2020-07-12","","Активен","2619","6,05","2020","71,58","61,33","Средняя","2024-10-01"
"1239","Nom_1239","Prenom_1239","Analyste","5","Marketing","2019-03-31","","Активен","4315","7,34","2019","75,67","68","Средняя","2024-10-01"
"1241","Nom_1241","Prenom_1241","RH","6","Ventes","2019-11-16","","Активен","3026","6,71","2019","74,17","84,67","Высокая","2024-10-01"
"1242","Nom_1242","Prenom_1242","Analyste","1","Ressources Humaines","2023-04-23","","Активен","1879","3,27","2023","81,58","86,67","Высокая","2024-10-01"
"1243","Nom_1243","Prenom_1243","Analyste","5","Marketing","2019-05-19","","Активен","3579","7,2","2019","74,25","70,33","Средняя","2024-10-01"
"1244","Nom_1244","Prenom_1244","Analyste","9","Juridique","2023-03-15","","Активен","3328","3,38","2023","76,42","71,67","Средняя","2024-10-01"
"1246","Nom_1246","Prenom_1246","Developpeur","6","Ventes","2019-09-16","","Активен","2831","6,87","2019","76,92","70","Средняя","2024-10-01"
"1247","Nom_1247","Prenom_1247","Developpeur","8","Opérations","2023-08-24","","Активен","1122","2,94","2023","68,25","67,67","Средняя","2024-10-01"
"1248","Nom_1248","Prenom_1248","Finance","1","Ressources Humaines","2021-06-20","","Активен","3769","5,11","2021","82,42","78","Средняя","2024-10-01"
"1249","Nom_1249","Prenom_1249","RH","2","Finance","2020-11-20","","Активен","1703","5,69","2020","81,33","82,33","Высокая","2024-10-01"
"1250","Nom_1250","Prenom_1250","RH","9","Juridique","2019-01-10","","Активен","2341","7,56","2019","74,75","79,67","Средняя","2024-10-01"
"1251","Nom_1251","Prenom_1251","Manager","3","Informatique","2019-09-18","","Активен","4303","6,87","2019","79,58","84","Высокая","2024-10-01"
"1252","Nom_1252","Prenom_1252","Developpeur","6","Ventes","2023-08-01","","Активен","3453","3","2023","77,17","85","Высокая","2024-10-01"
"1253","Nom_1253","Prenom_1253","Finance","5","Marketing","2019-06-21","","Активен","3276","7,11","2019","76,42","87,33","Высокая","2024-10-01"
"1254","Nom_1254","Prenom_1254","Finance","2","Finance","2021-06-16","","Активен","4140","5,13","2021","77,08","85","Высокая","2024-10-01"
"1255","Nom_1255","Prenom_1255","RH","7","Service Client","2019-01-13","","Активен","1941","7,55","2019","77,5","83,67","Высокая","2024-10-01"
"1256","Nom_1256","Prenom_1256","Developpeur","4","Data & Analytics","2022-04-06","","Активен","1649","4,32","2022","78,17","74,33","Средняя","2024-10-01"
"1257","Nom_1257","Prenom_1257","Manager","1","Ressources Humaines","2023-07-24","","Активен","1166","3,02","2023","76,33","84,33","Высокая","2024-10-01"
"1258","Nom_1258","Prenom_1258","Developpeur","4","Data & Analytics","2023-06-08","2027-06-14","Активен","3697","3,15","2023","76,58","80,67","Высокая","2024-10-01"
"1259","Nom_1259","Prenom_1259","Analyste","6","Ventes","2019-11-17","","Активен","1889","6,7","2019","70,08","61,67","Средняя","2024-10-01"
"1260","Nom_1260","Prenom_1260","Developpeur","7","Service Client","2022-09-04","","Активен","4841","3,91","2022","78,83","81,33","Высокая","2024-10-01"
"1261","Nom_1261","Prenom_1261","Analyste","7","Service Client","2023-06-25","","Активен","2838","3,1","2023","77,83","80","Высокая","2024-10-01"
"1262","Nom_1262","Prenom_1262","Analyste","7","Service Client","2019-11-25","","Активен","3660","6,68","2019","67,75","62,67","Средняя","2024-10-01"
"1263","Nom_1263","Prenom_1263","Manager","3","Informatique","2021-02-23","","Активен","2654","5,43","2021","73,5","71,67","Средняя","2024-10-01"
"1264","Nom_1264","Prenom_1264","RH","6","Ventes","2021-02-15","","Активен","1294","5,46","2021","67,08","56","Низкая","2024-10-01"
"1266","Nom_1266","Prenom_1266","Analyste","4","Data & Analytics","2023-04-23","","Активен","2584","3,27","2023","77,83","85","Высокая","2024-10-01"
"1267","Nom_1267","Prenom_1267","Developpeur","8","Opérations","2022-12-13","","Активен","4310","3,63","2022","84,58","89","Высокая","2024-10-01"
"1268","Nom_1268","Prenom_1268","RH","2","Finance","2023-06-18","","Активен","4586","3,12","2023","71,25","67,67","Средняя","2024-10-01"
"1269","Nom_1269","Prenom_1269","RH","10","Direction Générale","2022-01-23","","Активен","4930","4,52","2022","78,5","75,33","Средняя","2024-10-01"
"1270","Nom_1270","Prenom_1270","Finance","9","Juridique","2023-05-24","","Активен","1798","3,19","2023","78","85,33","Высокая","2024-10-01"
"1271","Nom_1271","Prenom_1271","RH","9","Juridique","2019-11-14","","Активен","2251","6,71","2019","71,17","72,33","Средняя","2024-10-01"
"1272","Nom_1272","Prenom_1272","Manager","8","Opérations","2019-08-24","","Активен","2551","6,94","2019","76,83","92","Высокая","2024-10-01"
"1273","Nom_1273","Prenom_1273","Analyste","10","Direction Générale","2019-11-30","","Активен","3080","6,67","2019","83,25","84,67","Высокая","2024-10-01"
"1275","Nom_1275","Prenom_1275","Manager","1","Ressources Humaines","2023-01-22","","Активен","4534","3,52","2023","77,42","74,33","Средняя","2024-10-01"
"1276","Nom_1276","Prenom_1276","Developpeur","2","Finance","2022-03-06","","Активен","4146","4,41","2022","74,75","80,67","Высокая","2024-10-01"
"1277","Nom_1277","Prenom_1277","Analyste","6","Ventes","2020-08-10","","Активен","2673","5,97","2020","72,92","75,67","Средняя","2024-10-01"
"1278","Nom_1278","Prenom_1278","RH","10","Direction Générale","2023-04-20","","Активен","4603","3,28","2023","72,25","72,33","Средняя","2024-10-01"
"1279","Nom_1279","Prenom_1279","Analyste","5","Marketing","2020-05-27","","Активен","2779","6,18","2020","80,17","87,33","Высокая","2024-10-01"
"1280","Nom_1280","Prenom_1280","Developpeur","9","Juridique","2022-08-12","","Активен","1498","3,97","2022","77,92","71","Средняя","2024-10-01"
"1281","Nom_1281","Prenom_1281","Finance","5","Marketing","2022-09-05","","Активен","2112","3,9","2022","77,75","74","Средняя","2024-10-01"
"1282","Nom_1282","Prenom_1282","Finance","2","Finance","2021-07-06","","Активен","3762","5,07","2021","82,5","77","Средняя","2024-10-01"
"1283","Nom_1283","Prenom_1283","Finance","10","Direction Générale","2023-05-15","","Активен","3738","3,21","2023","74,25","69","Средняя","2024-10-01"
"1284","Nom_1284","Prenom_1284","RH","4","Data & Analytics","2022-10-04","","Активен","3100","3,82","2022","76,42","73,33","Средняя","2024-10-01"
"1285","Nom_1285","Prenom_1285","Manager","9","Juridique","2023-12-08","","Активен","3997","2,65","2023","74,08","71,67","Средняя","2024-10-01"
"1286","Nom_1286","Prenom_1286","Manager","1","Ressources Humaines","2021-05-22","","Активен","926","5,19","2021","78,92","79,33","Средняя","2024-10-01"
"1287","Nom_1287","Prenom_1287","Analyste","1","Ressources Humaines","2022-06-06","","Активен","1991","4,15","2022","70,83","67,67","Средняя","2024-10-01"
"1288","Nom_1288","Prenom_1288","RH","7","Service Client","2019-09-27","","Активен","3439","6,84","2019","65,5","66,33","Средняя","2024-10-01"
"1289","Nom_1289","Prenom_1289","Finance","3","Informatique","2021-03-08","","Активен","4716","5,4","2021","72,25","77","Средняя","2024-10-01"
"1290","Nom_1290","Prenom_1290","Finance","10","Direction Générale","2022-08-07","","Активен","2166","3,98","2022","74,08","72","Средняя","2024-10-01"
"1291","Nom_1291","Prenom_1291","Developpeur","2","Finance","2020-12-25","","Активен","1819","5,6","2020","77,5","66","Средняя","2024-10-01"
"1292","Nom_1292","Prenom_1292","Developpeur","9","Juridique","2022-04-03","","Активен","4879","4,33","2022","72,25","74,67","Средняя","2024-10-01"
"1293","Nom_1293","Prenom_1293","Finance","3","Informatique","2019-01-05","","Активен","1484","7,57","2019","72,92","71","Средняя","2024-10-01"
"1294","Nom_1294","Prenom_1294","Finance","2","Finance","2021-04-30","","Активен","4429","5,25","2021","82,25","82","Высокая","2024-10-01"
"1296","Nom_1296","Prenom_1296","Manager","10","Direction Générale","2019-03-19","","Активен","2262","7,37","2019","71","66,33","Средняя","2024-10-01"
"1297","Nom_1297","Prenom_1297","Developpeur","6","Ventes","2022-12-04","","Активен","4886","3,66","2022","81","79","Средняя","2024-10-01"
"1298","Nom_1298","Prenom_1298","Manager","6","Ventes","2020-07-27","","Активен","3061","6,01","2020","77,17","89,33","Высокая","2024-10-01"
"1299","Nom_1299","Prenom_1299","RH","10","Direction Générale","2019-05-12","","Активен","4980","7,22","2019","82,58","86,33","Высокая","2024-10-01"
"1300","Nom_1300","Prenom_1300","Finance","7","Service Client","2020-08-23","","Активен","3641","5,94","2020","80,75","89,67","Высокая","2024-10-01"
"1301","Nom_1301","Prenom_1301","Manager","7","Service Client","2023-11-08","","Активен","2567","2,73","2023","70","64","Средняя","2024-10-01"
"1302","Nom_1302","Prenom_1302","Finance","6","Ventes","2021-12-01","","Активен","4980","4,67","2021","74,83","76,67","Средняя","2024-10-01"
"1303","Nom_1303","Prenom_1303","Finance","4","Data & Analytics","2019-03-30","","Активен","4360","7,34","2019","81,5","82,33","Высокая","2024-10-01"
"1305","Nom_1305","Prenom_1305","Manager","6","Ventes","2019-10-23","","Активен","1426","6,77","2019","75","81","Высокая","2024-10-01"
"1306","Nom_1306","Prenom_1306","Manager","4","Data & Analytics","2022-08-11","","Активен","4959","3,97","2022","69,92","67,33","Средняя","2024-10-01"
"1307","Nom_1307","Prenom_1307","Finance","3","Informatique","2020-09-07","","Активен","4214","5,9","2020","74,92","68","Средняя","2024-10-01"
"1308","Nom_1308","Prenom_1308","RH","4","Data & Analytics","2023-03-30","","Активен","2175","3,34","2023","70,25","71","Средняя","2024-10-01"
"1310","Nom_1310","Prenom_1310","Finance","2","Finance","2023-09-11","","Активен","1290","2,89","2023","81,08","83,33","Высокая","2024-10-01"
"1311","Nom_1311","Prenom_1311","Developpeur","5","Marketing","2023-07-19","","Активен","4529","3,04","2023","78,67","83","Высокая","2024-10-01"
"1312","Nom_1312","Prenom_1312","Developpeur","2","Finance","2020-02-26","","Активен","4334","6,43","2020","75,5","82,67","Высокая","2024-10-01"
"1313","Nom_1313","Prenom_1313","Analyste","6","Ventes","2021-11-12","","Активен","4096","4,72","2021","65,83","64","Средняя","2024-10-01"
"1314","Nom_1314","Prenom_1314","RH","3","Informatique","2020-07-28","","Активен","2740","6,01","2020","74,58","87,33","Высокая","2024-10-01"
"1315","Nom_1315","Prenom_1315","Finance","6","Ventes","2019-05-23","","Активен","2682","7,19","2019","65,83","67","Средняя","2024-10-01"
"1316","Nom_1316","Prenom_1316","Manager","10","Direction Générale","2021-09-19","","Активен","3787","4,87","2021","77,83","76","Средняя","2024-10-01"
"1317","Nom_1317","Prenom_1317","Analyste","9","Juridique","2020-10-26","","Активен","3959","5,76","2020","72,83","71,67","Средняя","2024-10-01"
"1318","Nom_1318","Prenom_1318","RH","1","Ressources Humaines","2019-05-25","","Активен","1481","7,19","2019","70,83","61,67","Средняя","2024-10-01"
"1319","Nom_1319","Prenom_1319","Manager","6","Ventes","2022-06-02","","Активен","1873","4,16","2022","82,42","85,33","Высокая","2024-10-01"
"1320","Nom_1320","Prenom_1320","Developpeur","9","Juridique","2021-10-03","","Активен","3187","4,83","2021","68,08","59,67","Низкая","2024-10-01"
"1322","Nom_1322","Prenom_1322","Manager","2","Finance","2021-03-31","","Активен","3493","5,34","2021","79,25","71,67","Средняя","2024-10-01"
"1323","Nom_1323","Prenom_1323","Analyste","4","Data & Analytics","2023-06-28","","Активен","2170","3,09","2023","67,33","68,67","Средняя","2024-10-01"
"1325","Nom_1325","Prenom_1325","Finance","3","Informatique","2021-11-28","","Активен","3380","4,67","2021","79,5","79","Средняя","2024-10-01"
"1327","Nom_1327","Prenom_1327","Manager","9","Juridique","2023-07-28","","Активен","4048","3,01","2023","76,08","66","Средняя","2024-10-01"
"1328","Nom_1328","Prenom_1328","Developpeur","10","Direction Générale","2020-08-01","","Активен","4531","6","2020","69,67","82","Высокая","2024-10-01"
"1329","Nom_1329","Prenom_1329","Analyste","5","Marketing","2020-01-26","","Активен","4629","6,51","2020","75,92","78","Средняя","2024-10-01"
"1330","Nom_1330","Prenom_1330","Finance","6","Ventes","2022-04-17","","Активен","2427","4,29","2022","73,33","87,67","Высокая","2024-10-01"
"1331","Nom_1331","Prenom_1331","Analyste","3","Informatique","2020-07-07","","Активен","4272","6,07","2020","66,67","59","Низкая","2024-10-01"
"1332","Nom_1332","Prenom_1332","RH","5","Marketing","2023-01-11","","Активен","827","3,55","2023","74,58","69,33","Средняя","2024-10-01"
"1333","Nom_1333","Prenom_1333","RH","8","Opérations","2023-03-04","","Активен","2785","3,41","2023","68,17","69,67","Средняя","2024-10-01"
"1334","Nom_1334","Prenom_1334","Developpeur","6","Ventes","2021-11-04","","Активен","4953","4,74","2021","66","59,33","Низкая","2024-10-01"
"1335","Nom_1335","Prenom_1335","Developpeur","4","Data & Analytics","2023-07-05","","Активен","2321","3,07","2023","76,25","65","Средняя","2024-10-01"
"1336","Nom_1336","Prenom_1336","Developpeur","2","Finance","2023-08-20","","Активен","1096","2,95","2023","71,75","67,33","Средняя","2024-10-01"
"1337","Nom_1337","Prenom_1337","RH","9","Juridique","2022-08-05","","Активен","2981","3,99","2022","79,42","79,33","Средняя","2024-10-01"
"1338","Nom_1338","Prenom_1338","Analyste","1","Ressources Humaines","2020-04-22","","Активен","4202","6,28","2020","76,92","75","Средняя","2024-10-01"
"1339","Nom_1339","Prenom_1339","Analyste","1","Ressources Humaines","2022-06-08","","Активен","3096","4,15","2022","78,08","80","Высокая","2024-10-01"
"1340","Nom_1340","Prenom_1340","Developpeur","4","Data & Analytics","2021-07-11","","Активен","3397","5,06","2021","76,33","66,33","Средняя","2024-10-01"
"1341","Nom_1341","Prenom_1341","Finance","7","Service Client","2020-02-24","","Активен","1701","6,43","2020","73,25","72,33","Средняя","2024-10-01"
"1342","Nom_1342","Prenom_1342","Analyste","1","Ressources Humaines","2019-06-06","","Активен","1898","7,15","2019","67,42","64","Средняя","2024-10-01"
"1345","Nom_1345","Prenom_1345","Manager","3","Informatique","2022-01-25","","Активен","2178","4,51","2022","75,75","71,33","Средняя","2024-10-01"
"1347","Nom_1347","Prenom_1347","Finance","10","Direction Générale","2021-09-23","","Активен","4535","4,85","2021","73,33","64,33","Средняя","2024-10-01"
"1348","Nom_1348","Prenom_1348","Developpeur","4","Data & Analytics","2022-12-05","","Активен","2064","3,66","2022","72,08","67,67","Средняя","2024-10-01"
"1349","Nom_1349","Prenom_1349","RH","9","Juridique","2021-08-08","","Активен","2707","4,98","2021","68,75","68,33","Средняя","2024-10-01"
"1350","Nom_1350","Prenom_1350","Finance","10","Direction Générale","2019-10-16","","Активен","1858","6,79","2019","77,25","75","Средняя","2024-10-01"
"1351","Nom_1351","Prenom_1351","RH","6","Ventes","2022-07-01","","Активен","3549","4,08","2022","81,33","81,33","Высокая","2024-10-01"
"1352","Nom_1352","Prenom_1352","RH","6","Ventes","2019-07-15","","Активен","2848","7,05","2019","79,83","71,33","Средняя","2024-10-01"
"1353","Nom_1353","Prenom_1353","Developpeur","1","Ressources Humaines","2020-08-20","","Активен","3276","5,95","2020","78,67","80,67","Высокая","2024-10-01"
"1354","Nom_1354","Prenom_1354","Manager","10","Direction Générale","2023-03-26","","Активен","4816","3,35","2023","77","78,67","Средняя","2024-10-01"
"1355","Nom_1355","Prenom_1355","Developpeur","2","Finance","2020-05-31","","Активен","3997","6,17","2020","71,75","75","Средняя","2024-10-01"
"1356","Nom_1356","Prenom_1356","Finance","6","Ventes","2023-07-17","","Активен","4353","3,04","2023","78,17","83,33","Высокая","2024-10-01"
"1357","Nom_1357","Prenom_1357","Finance","2","Finance","2021-05-14","","Активен","2561","5,22","2021","71,58","75","Средняя","2024-10-01"
"1358","Nom_1358","Prenom_1358","Finance","3","Informatique","2022-02-15","","Активен","1020","4,46","2022","71,92","56,33","Низкая","2024-10-01"
"1359","Nom_1359","Prenom_1359","Developpeur","4","Data & Analytics","2021-03-16","","Активен","3688","5,38","2021","73,67","81","Высокая","2024-10-01"
"1360","Nom_1360","Prenom_1360","RH","5","Marketing","2022-03-28","","Активен","2464","4,34","2022","75,75","79,67","Средняя","2024-10-01"
"1361","Nom_1361","Prenom_1361","RH","9","Juridique","2021-03-25","","Активен","4786","5,35","2021","72,25","82,67","Высокая","2024-10-01"
"1362","Nom_1362","Prenom_1362","Analyste","4","Data & Analytics","2019-08-16","","Активен","3777","6,96","2019","78,08","79","Средняя","2024-10-01"
"1363","Nom_1363","Prenom_1363","Finance","9","Juridique","2019-08-04","","Активен","2671","6,99","2019","67,92","81","Высокая","2024-10-01"
"1364","Nom_1364","Prenom_1364","RH","10","Direction Générale","2021-08-05","","Активен","2262","4,99","2021","72,83","72,67","Средняя","2024-10-01"
"1366","Nom_1366","Prenom_1366","RH","8","Opérations","2019-01-15","","Активен","844","7,54","2019","80,5","94,67","Высокая","2024-10-01"
"1367","Nom_1367","Prenom_1367","Finance","1","Ressources Humaines","2022-03-26","","Активен","2868","4,35","2022","64,33","54","Низкая","2024-10-01"
"1368","Nom_1368","Prenom_1368","Manager","9","Juridique","2023-07-30","","Активен","2314","3,01","2023","71,08","74","Средняя","2024-10-01"
"1369","Nom_1369","Prenom_1369","Finance","9","Juridique","2022-07-08","","Активен","3398","4,07","2022","69,08","75,33","Средняя","2024-10-01"
"1370","Nom_1370","Prenom_1370","Developpeur","10","Direction Générale","2022-03-26","","Активен","1801","4,35","2022","79,42","87,33","Высокая","2024-10-01"
"1371","Nom_1371","Prenom_1371","RH","2","Finance","2019-02-16","","Активен","1833","7,46","2019","73,17","71,33","Средняя","2024-10-01"
"1372","Nom_1372","Prenom_1372","RH","4","Data & Analytics","2019-11-20","","Активен","2840","6,7","2019","73,58","68,67","Средняя","2024-10-01"
"1373","Nom_1373","Prenom_1373","Developpeur","8","Opérations","2021-04-23","","Активен","1073","5,27","2021","74,75","62,67","Средняя","2024-10-01"
"1375","Nom_1375","Prenom_1375","Manager","1","Ressources Humaines","2019-05-10","","Активен","2579","7,23","2019","77,58","75,67","Средняя","2024-10-01"
"1376","Nom_1376","Prenom_1376","RH","5","Marketing","2022-12-05","","Активен","1278","3,66","2022","78,67","78,33","Средняя","2024-10-01"
"1377","Nom_1377","Prenom_1377","RH","7","Service Client","2019-04-05","","Активен","1315","7,32","2019","81,5","92","Высокая","2024-10-01"
"1378","Nom_1378","Prenom_1378","Manager","4","Data & Analytics","2020-09-18","","Активен","1991","5,87","2020","78,92","73,33","Средняя","2024-10-01"
"1379","Nom_1379","Prenom_1379","Analyste","1","Ressources Humaines","2021-01-24","","Активен","3468","5,52","2021","74,25","81","Высокая","2024-10-01"
"1380","Nom_1380","Prenom_1380","Manager","9","Juridique","2022-08-08","","Активен","2211","3,98","2022","71,33","72,67","Средняя","2024-10-01"
"1381","Nom_1381","Prenom_1381","Finance","5","Marketing","2021-03-04","","Активен","4080","5,41","2021","68,58","68,33","Средняя","2024-10-01"
"1383","Nom_1383","Prenom_1383","Developpeur","8","Opérations","2019-03-10","","Активен","942","7,39","2019","75,67","65,67","Средняя","2024-10-01"
"1384","Nom_1384","Prenom_1384","Finance","2","Finance","2023-08-11","","Активен","4132","2,97","2023","79,25","83,33","Высокая","2024-10-01"
"1385","Nom_1385","Prenom_1385","RH","3","Informatique","2019-01-11","","Активен","1587","7,55","2019","72,67","61","Средняя","2024-10-01"
"1387","Nom_1387","Prenom_1387","Finance","1","Ressources Humaines","2021-05-21","","Активен","1422","5,2","2021","69,67","76","Средняя","2024-10-01"
"1388","Nom_1388","Prenom_1388","RH","2","Finance","2020-07-03","","Активен","4641","6,08","2020","73,33","75","Средняя","2024-10-01"
"1389","Nom_1389","Prenom_1389","Analyste","7","Service Client","2022-03-03","","Активен","4476","4,41","2022","77,92","68,67","Средняя","2024-10-01"
"1390","Nom_1390","Prenom_1390","Analyste","10","Direction Générale","2020-12-12","","Активен","3372","5,63","2020","80,17","83,33","Высокая","2024-10-01"
"1391","Nom_1391","Prenom_1391","Developpeur","2","Finance","2019-01-23","","Активен","4060","7,52","2019","72,25","68,67","Средняя","2024-10-01"
"1392","Nom_1392","Prenom_1392","RH","6","Ventes","2021-03-25","","Активен","866","5,35","2021","66,33","60,33","Средняя","2024-10-01"
"1393","Nom_1393","Prenom_1393","Analyste","3","Informatique","2019-12-12","","Активен","1940","6,64","2019","70,92","83,67","Высокая","2024-10-01"
"1394","Nom_1394","Prenom_1394","Manager","4","Data & Analytics","2019-10-29","","Активен","3114","6,76","2019","70,08","65","Средняя","2024-10-01"
"1395","Nom_1395","Prenom_1395","RH","8","Opérations","2019-12-29","","Активен","3332","6,59","2019","76,08","72","Средняя","2024-10-01"
"1397","Nom_1397","Prenom_1397","Manager","10","Direction Générale","2019-08-06","","Активен","1987","6,99","2019","70,25","80,33","Высокая","2024-10-01"
"1398","Nom_1398","Prenom_1398","Analyste","6","Ventes","2019-05-21","","Активен","4139","7,2","2019","73,75","71,33","Средняя","2024-10-01"
"1399","Nom_1399","Prenom_1399","RH","1","Ressources Humaines","2023-06-28","","Активен","1348","3,09","2023","77,75","78,33","Средняя","2024-10-01"
"1400","Nom_1400","Prenom_1400","Finance","7","Service Client","2021-08-15","","Активен","4887","4,96","2021","73,92","78","Средняя","2024-10-01"
"1401","Nom_1401","Prenom_1401","Analyste","8","Opérations","2022-05-18","","Активен","872","4,21","2022","76,17","69,67","Средняя","2024-10-01"
"1402","Nom_1402","Prenom_1402","Analyste","8","Opérations","2021-09-11","","Активен","998","4,89","2021","82,67","68","Средняя","2024-10-01"
"1403","Nom_1403","Prenom_1403","RH","3","Informatique","2021-09-19","","Активен","4001","4,87","2021","77,08","90","Высокая","2024-10-01"
"1404","Nom_1404","Prenom_1404","RH","10","Direction Générale","2023-07-05","","Активен","2581","3,07","2023","78,58","80,33","Высокая","2024-10-01"
"1405","Nom_1405","Prenom_1405","Manager","1","Ressources Humaines","2023-06-28","","Активен","1371","3,09","2023","74,92","81,67","Высокая","2024-10-01"
"1407","Nom_1407","Prenom_1407","Manager","6","Ventes","2020-11-13","","Активен","2438","5,71","2020","70,25","73","Средняя","2024-10-01"
"1408","Nom_1408","Prenom_1408","Analyste","9","Juridique","2023-01-23","","Активен","2631","3,52","2023","79,17","76,33","Средняя","2024-10-01"
"1409","Nom_1409","Prenom_1409","Developpeur","7","Service Client","2021-09-30","","Активен","2655","4,84","2021","77,25","72","Средняя","2024-10-01"
"1410","Nom_1410","Prenom_1410","Finance","1","Ressources Humaines","2019-12-22","","Активен","1974","6,61","2019","74,83","77","Средняя","2024-10-01"
"1411","Nom_1411","Prenom_1411","Analyste","1","Ressources Humaines","2021-10-04","","Активен","4540","4,82","2021","69,25","54,33","Низкая","2024-10-01"
"1412","Nom_1412","Prenom_1412","RH","6","Ventes","2022-09-09","","Активен","4077","3,89","2022","80,83","89,67","Высокая","2024-10-01"
"1413","Nom_1413","Prenom_1413","Finance","5","Marketing","2022-03-02","","Активен","978","4,42","2022","72,08","66,67","Средняя","2024-10-01"
"1414","Nom_1414","Prenom_1414","Developpeur","9","Juridique","2021-06-06","","Активен","3044","5,15","2021","73,25","70,67","Средняя","2024-10-01"
"1415","Nom_1415","Prenom_1415","Developpeur","2","Finance","2019-05-07","","Активен","4886","7,24","2019","77,08","76,33","Средняя","2024-10-01"
"1416","Nom_1416","Prenom_1416","Manager","8","Opérations","2022-02-03","","Активен","1534","4,49","2022","70,42","77","Средняя","2024-10-01"
"1417","Nom_1417","Prenom_1417","Finance","5","Marketing","2021-10-05","","Активен","1598","4,82","2021","81,92","78,67","Средняя","2024-10-01"
"1418","Nom_1418","Prenom_1418","Manager","2","Finance","2020-08-26","","Активен","1587","5,93","2020","72,83","79,67","Средняя","2024-10-01"
"1419","Nom_1419","Prenom_1419","Analyste","10","Direction Générale","2023-12-28","","Активен","3595","2,59","2023","75,17","68,67","Средняя","2024-10-01"
"1420","Nom_1420","Prenom_1420","Finance","6","Ventes","2022-11-02","","Активен","3884","3,75","2022","77,17","64,67","Средняя","2024-10-01"
"1421","Nom_1421","Prenom_1421","Analyste","10","Direction Générale","2021-10-10","","Активен","3718","4,81","2021","65,83","63,33","Средняя","2024-10-01"
"1422","Nom_1422","Prenom_1422","Manager","8","Opérations","2019-02-20","","Активен","1531","7,44","2019","81,58","76,67","Средняя","2024-10-01"
"1424","Nom_1424","Prenom_1424","Manager","2","Finance","2023-01-25","","Активен","4246","3,52","2023","76,83","84","Высокая","2024-10-01"
"1425","Nom_1425","Prenom_1425","Finance","5","Marketing","2022-08-12","","Активен","2405","3,97","2022","63,25","66,67","Средняя","2024-10-01"
"1426","Nom_1426","Prenom_1426","Manager","2","Finance","2022-08-13","","Активен","4578","3,97","2022","69,17","77,33","Средняя","2024-10-01"
"1427","Nom_1427","Prenom_1427","Developpeur","2","Finance","2023-10-16","","Активен","3545","2,79","2023","65,75","58,67","Низкая","2024-10-01"
"1428","Nom_1428","Prenom_1428","Manager","6","Ventes","2021-02-17","","Активен","3970","5,45","2021","69,67","66,33","Средняя","2024-10-01"
"1429","Nom_1429","Prenom_1429","Developpeur","10","Direction Générale","2022-12-01","","Активен","3733","3,67","2022","83,17","75,67","Средняя","2024-10-01"
"1431","Nom_1431","Prenom_1431","Finance","4","Data & Analytics","2021-03-24","","Активен","1124","5,36","2021","77,5","77,33","Средняя","2024-10-01"
"1432","Nom_1432","Prenom_1432","Finance","6","Ventes","2023-06-25","","Активен","2650","3,1","2023","76,67","82,67","Высокая","2024-10-01"
"1433","Nom_1433","Prenom_1433","Finance","7","Service Client","2022-11-29","","Активен","2290","3,67","2022","73,58","70","Средняя","2024-10-01"
"1434","Nom_1434","Prenom_1434","RH","6","Ventes","2022-10-01","","Активен","1693","3,83","2022","78,83","72","Средняя","2024-10-01"
"1435","Nom_1435","Prenom_1435","Analyste","8","Opérations","2023-07-04","","Активен","2190","3,08","2023","80,33","76,33","Средняя","2024-10-01"
"1436","Nom_1436","Prenom_1436","Finance","4","Data & Analytics","2020-02-24","","Активен","4189","6,43","2020","76,92","76,33","Средняя","2024-10-01"
"1437","Nom_1437","Prenom_1437","Developpeur","1","Ressources Humaines","2022-04-20","","Активен","3063","4,28","2022","65,92","80","Высокая","2024-10-01"
"1438","Nom_1438","Prenom_1438","Finance","7","Service Client","2021-09-09","","Активен","4232","4,89","2021","75,75","75,67","Средняя","2024-10-01"
"1439","Nom_1439","Prenom_1439","RH","3","Informatique","2021-04-04","","Активен","3171","5,33","2021","76,08","81","Высокая","2024-10-01"
"1440","Nom_1440","Prenom_1440","Developpeur","6","Ventes","2021-10-21","","Активен","3886","4,78","2021","77,75","85,67","Высокая","2024-10-01"
"1441","Nom_1441","Prenom_1441","RH","2","Finance","2020-07-20","","Активен","2315","6,03","2020","79,25","87","Высокая","2024-10-01"
"1442","Nom_1442","Prenom_1442","Developpeur","9","Juridique","2020-01-06","","Активен","3717","6,57","2020","75,17","67","Средняя","2024-10-01"
"1443","Nom_1443","Prenom_1443","Manager","1","Ressources Humaines","2021-07-24","","Активен","3152","5,02","2021","69,83","80,33","Высокая","2024-10-01"
"1444","Nom_1444","Prenom_1444","Analyste","6","Ventes","2020-10-22","","Активен","1967","5,77","2020","74,5","80","Высокая","2024-10-01"
"1445","Nom_1445","Prenom_1445","Analyste","6","Ventes","2022-12-25","","Активен","910","3,6","2022","63,33","58","Низкая","2024-10-01"
"1446","Nom_1446","Prenom_1446","RH","5","Marketing","2021-08-26","","Активен","4455","4,93","2021","76,5","70,33","Средняя","2024-10-01"
"1447","Nom_1447","Prenom_1447","Analyste","5","Marketing","2022-08-25","","Активен","4593","3,93","2022","76,92","74","Средняя","2024-10-01"
"1448","Nom_1448","Prenom_1448","RH","1","Ressources Humaines","2022-03-06","","Активен","2555","4,41","2022","68","71","Средняя","2024-10-01"
"1450","Nom_1450","Prenom_1450","RH","5","Marketing","2022-12-30","","Активен","2096","3,59","2022","71","82,33","Высокая","2024-10-01"
"1451","Nom_1451","Prenom_1451","Analyste","2","Finance","2019-11-09","","Активен","4574","6,73","2019","64,67","66","Средняя","2024-10-01"
"1452","Nom_1452","Prenom_1452","RH","7","Service Client","2019-04-27","","Активен","3020","7,26","2019","77,92","78,33","Средняя","2024-10-01"
"1453","Nom_1453","Prenom_1453","Analyste","3","Informatique","2023-08-17","","Активен","1772","2,96","2023","76,92","70","Средняя","2024-10-01"
"1456","Nom_1456","Prenom_1456","RH","3","Informatique","2019-09-01","","Активен","4792","6,92","2019","78,25","77,33","Средняя","2024-10-01"
"1457","Nom_1457","Prenom_1457","Developpeur","4","Data & Analytics","2020-06-20","","Активен","1713","6,11","2020","71,75","80,33","Высокая","2024-10-01"
"1458","Nom_1458","Prenom_1458","RH","5","Marketing","2023-06-14","","Активен","2981","3,13","2023","69","83","Высокая","2024-10-01"
"1459","Nom_1459","Prenom_1459","Manager","1","Ressources Humaines","2019-03-16","","Активен","3997","7,38","2019","80,67","68,67","Средняя","2024-10-01"
"1460","Nom_1460","Prenom_1460","RH","4","Data & Analytics","2020-01-21","","Активен","2262","6,53","2020","78,42","80,67","Высокая","2024-10-01"
"1462","Nom_1462","Prenom_1462","Developpeur","10","Direction Générale","2020-04-19","","Активен","4254","6,28","2020","69,92","59,33","Низкая","2024-10-01"
"1463","Nom_1463","Prenom_1463","Analyste","7","Service Client","2020-02-22","","Активен","4353","6,44","2020","75,83","78,33","Средняя","2024-10-01"
"1464","Nom_1464","Prenom_1464","Finance","9","Juridique","2019-12-13","","Активен","2107","6,63","2019","67,33","71,33","Средняя","2024-10-01"
"1465","Nom_1465","Prenom_1465","RH","5","Marketing","2023-04-02","","Активен","1989","3,33","2023","72","69","Средняя","2024-10-01"
"1466","Nom_1466","Prenom_1466","Analyste","10","Direction Générale","2020-10-01","","Активен","1487","5,83","2020","79,5","94","Высокая","2024-10-01"
"1467","Nom_1467","Prenom_1467","Finance","4","Data & Analytics","2021-07-27","","Активен","2007","5,01","2021","78,67","82,33","Высокая","2024-10-01"
"1468","Nom_1468","Prenom_1468","RH","8","Opérations","2021-08-12","","Активен","2694","4,97","2021","75,67","73,33","Средняя","2024-10-01"
"1469","Nom_1469","Prenom_1469","Manager","9","Juridique","2021-05-25","","Активен","2611","5,19","2021","74","65,33","Средняя","2024-10-01"
"1470","Nom_1470","Prenom_1470","RH","7","Service Client","2021-02-01","","Активен","3983","5,49","2021","75,42","64,67","Средняя","2024-10-01"
"1471","Nom_1471","Prenom_1471","Developpeur","7","Service Client","2022-04-17","","Активен","4597","4,29","2022","78,17","85","Высокая","2024-10-01"
"1472","Nom_1472","Prenom_1472","Developpeur","5","Marketing","2022-04-20","","Активен","2444","4,28","2022","75,17","88","Высокая","2024-10-01"
"1473","Nom_1473","Prenom_1473","Manager","4","Data & Analytics","2020-10-25","","Активен","4768","5,77","2020","75,92","76,67","Средняя","2024-10-01"
"1474","Nom_1474","Prenom_1474","Analyste","10","Direction Générale","2019-01-25","","Активен","3516","7,52","2019","70","70,67","Средняя","2024-10-01"
"1475","Nom_1475","Prenom_1475","Finance","1","Ressources Humaines","2022-04-18","","Активен","990","4,29","2022","69,17","76","Средняя","2024-10-01"
"1477","Nom_1477","Prenom_1477","Developpeur","10","Direction Générale","2023-03-05","","Активен","3906","3,41","2023","71,5","69,67","Средняя","2024-10-01"
"1478","Nom_1478","Prenom_1478","Analyste","7","Service Client","2022-03-30","","Активен","1178","4,34","2022","71,17","75,67","Средняя","2024-10-01"
"1479","Nom_1479","Prenom_1479","Manager","1","Ressources Humaines","2019-06-26","","Активен","4629","7,1","2019","70,08","75","Средняя","2024-10-01"
"1481","Nom_1481","Prenom_1481","Manager","5","Marketing","2019-03-04","","Активен","3130","7,41","2019","80,33","84,33","Высокая","2024-10-01"
"1482","Nom_1482","Prenom_1482","RH","9","Juridique","2021-09-29","","Активен","2554","4,84","2021","71,83","83","Высокая","2024-10-01"
"1483","Nom_1483","Prenom_1483","Finance","6","Ventes","2020-10-23","","Активен","1263","5,77","2020","78,92","73","Средняя","2024-10-01"
"1484","Nom_1484","Prenom_1484","Developpeur","3","Informatique","2020-10-27","","Активен","1766","5,76","2020","73,5","63,67","Средняя","2024-10-01"
"1485","Nom_1485","Prenom_1485","Developpeur","3","Informatique","2019-06-05","","Активен","3958","7,16","2019","79,17","73,33","Средняя","2024-10-01"
"1486","Nom_1486","Prenom_1486","RH","7","Service Client","2023-02-01","","Активен","4424","3,5","2023","69,67","68,67","Средняя","2024-10-01"
"1488","Nom_1488","Prenom_1488","Finance","9","Juridique","2021-08-24","","Активен","3422","4,94","2021","72,92","84,67","Высокая","2024-10-01"
"1489","Nom_1489","Prenom_1489","Developpeur","6","Ventes","2021-04-28","","Активен","3012","5,26","2021","72,92","65,33","Средняя","2024-10-01"
"1490","Nom_1490","Prenom_1490","Finance","5","Marketing","2022-01-12","","Активен","1182","4,55","2022","80,83","94,33","Высокая","2024-10-01"
"1492","Nom_1492","Prenom_1492","Finance","7","Service Client","2020-11-19","","Активен","4610","5,7","2020","69,58","67,33","Средняя","2024-10-01"
"1493","Nom_1493","Prenom_1493","Manager","1","Ressources Humaines","2019-05-28","","Активен","4303","7,18","2019","67,67","68","Средняя","2024-10-01"
"1494","Nom_1494","Prenom_1494","Developpeur","7","Service Client","2023-07-12","","Активен","2212","3,06","2023","73,58","73,67","Средняя","2024-10-01"
"1496","Nom_1496","Prenom_1496","Analyste","9","Juridique","2020-04-20","","Активен","1171","6,28","2020","78,75","66,33","Средняя","2024-10-01"
"1497","Nom_1497","Prenom_1497","Manager","6","Ventes","2021-12-22","","Активен","1410","4,61","2021","73,83","66","Средняя","2024-10-01"
"1498","Nom_1498","Prenom_1498","Manager","9","Juridique","2023-09-21","","Активен","915","2,86","2023","73,08","70,33","Средняя","2024-10-01"
"1500","Nom_1500","Prenom_1500","Finance","7","Service Client","2020-07-14","","Активен","2191","6,05","2020","74,5","65,67","Средняя","2024-10-01"
